AFLT,GAZP,GMKN,LKOH,MGNT,MSNG,MTSS,ROSN,SBER,SIBN,SNGS
1,1,1,1,1,1,1,1,1,1,1
0.999815702174714,0.986118251928021,0.9882139966776,0.982204251333539,0.99504054054054,1.0029594554602,0.990388816076889,0.980934854619065,0.980505248586919,0.993672369346145,0.974336314468521
0.986175115207373,0.98696558915537,1.00303444352013,0.993964484655371,0.989669486960104,1.01593390380643,0.995147772386414,1.0038271049077,1.01894117647059,0.983195754716981,1.00638537169394
1.02056074766355,1.0080824088748,1.0513091570086,1.01015537251966,0.990316398084321,1.0455997676445,1.00527482269504,1.00171936906631,1.01085325020206,1.00389805097451,0.997836980424673
1.00091575091575,0.984436409369596,0.998299590839046,1.00298239518184,0.997695150115474,1.01388888888889,1.00533533224569,1.00186567164179,1.00685322672758,0.992174432497013,0.993063333212905
0.997255260750229,1.0135207069094,1.02914863387531,1.00753485955137,0.990731524391091,1.03945205479452,1.05263157894737,1.00882681564246,1.02654566080545,1.00054187488711,1.01819041728817
1.00678899082569,0.996638655462185,1.00258603540879,1.00229226361032,0.998411207529007,0.991038481813389,0.991458333333333,0.995791339018717,1.01690794562935,0.982669394632326,0.995104870118269
1,1,1,1,1.00861653382259,1,1,1,1,1,1
1.00218698742482,0.980080101180438,0.981150793650794,0.987364208118925,1,1.01595744680851,0.989703719268754,0.981722463203945,0.984785916105195,0.99216166564605,0.98524236983842
0.998363338788871,0.982686310355952,0.991494438827098,0.984411372980485,0.981438515081206,0.983769633507854,0.982590233545647,0.970543806646526,0.984109468108585,0.99370448092828,0.989175990378658
0.949726775956284,0.993105712409718,0.980870661276703,0.985888069271403,1.00945153664303,0.966737626397019,0.992091616248919,0.966225680933852,0.969948418928011,0.964906832298137,0.980178321420677
1.00652090525508,1.00743801652893,0.981462420594076,0.999409304351458,0.983672054670045,0.984310487200661,1.01006229036895,1.01280605670103,1.01815028901734,1.01062117798519,0.992707863479176
1,1,1,1,0.999938099070057,1,1,1,1,1,1
1.00114329268293,0.991468416735029,0.972449152542373,0.97395223880597,1,1.00615212527964,0.989563567362429,0.948270377733599,0.97467923242875,0.965987261146497,0.977659977281333
1,1,1,1,0.99047619047619,1,1,1,1,1,1
1.02398172820708,1.0039715373159,1.00718960513817,1.00465253130804,1,1.01723179544191,1.00453238037131,0.981382867206172,1.00931966449208,0.999604378214427,0.9856700232378
1.01579925650558,1,1,1,1,1,1,1,1,1,1
1,1.0015933190484,1.02142350355616,1.01045785132035,1,1.00792349726776,1.00837310195228,1.01465498825037,1.0058864265928,0.997955145118734,1.02365422396857
1,1,1,1,0.99375,1,1,1,1,1,1
1.03348581884721,1.0227098189797,0.997740364252435,1.01849525994807,1,1.01030089455137,1.00288258830616,0.994820616472966,1.0144578313253,1.010972304845,0.984761246737295
1.00053116147309,1.01829006650933,0.992267576247047,0.999152205747215,0.991286889211417,0.982023074859136,1.01960531960532,0.988359788359788,0.991856124872752,0.982020268061458,0.989358799454297
1.00884799150593,1.01243086647353,1.02248176431581,1.01524951047291,1.00927774171665,0.996448087431694,1.00559599444608,1.03635974304069,1.00410537119398,1.02157123834887,1.01532582144827
0.988423083669532,1.00254929504188,0.989410041841004,0.990578609000585,1.01304642166344,1.00219358376748,0.994142259414226,0.981900078515641,1.00034071550256,1.00690823774765,0.998409064452291
0.965039929015084,0.968292682926829,0.970093331472624,0.980045784952327,0.992849573742947,0.954582763337893,0.985690235690236,0.975127309456673,0.962420526793824,0.967637540453075,0.984764865915274
0.965612357484369,0.977062007610268,0.977560735319119,0.973498850131844,1.00370673076923,0.951562052163944,0.970922288642186,0.964825205006474,0.98018166804294,0.961204013377926,0.974820427815929
1,1,1,1,0.986727083742474,1,1,1,1,1,1
0.97486193106075,0.961603861554495,1.00334671872178,0.977131054272003,1,0.961746987951807,0.993975108843837,0.970163274435249,0.950896618124925,0.991649269311065,0.987813765182186
1.02168392264114,0.997718327534082,1.01668666666667,1.00900598711441,0.978300970873786,1.00219229564673,1.01017609061145,1.01747510143858,1.01695987849639,1.0000701754386,1.00131152916103
0.975143403441682,0.980389914813333,0.977467109936635,0.980398798211116,1.03458542152533,1.00375,0.994218640504555,0.992432138487334,1.01418792781581,0.996561644796857,0.990544799639802
1.01058823529412,0.982038721716818,0.990905635062612,0.99421639881257,0.982714628297362,0.989414694894147,1.00378854625551,1.02251141552511,1.01448030433182,1.00126742712294,1.00636363636364
0.977493209157936,0.968171021377672,0.995412212586289,0.976190476190476,0.999531469623614,0.982064191315293,1.00048275256737,0.994060643951235,0.967702915205032,0.958157524613221,0.98139935944814
1.01290194521636,1.0086481844946,1.01790977102698,1.02013843111404,0.99609375,1.01634091637296,1.00421108040532,1.01392632524708,1.00475,1.00873394495413,1.02489435588469
1.05839702135998,1.0470051687443,1.03186191536748,1.0233918128655,0.996151960784314,1.05296343001261,1.0208360634255,1.03433761630483,1.03570539935307,1.03827124563446,1.0203706727629
1.04776893167932,0.995179463352306,0.991137606678955,0.988798737174428,0.979824323991831,1,0.994052203679932,0.991175840651103,0.990630630630631,1.01296426068676,0.988277655531106
0.984272839724333,0.982783775897286,1.00609756097561,0.998135388662907,1.00690053486679,0.989520958083832,0.993069605268822,0.990535459613639,0.968715896689705,0.98498789346247,0.98983887944296
0.987432675044883,1.02036817102138,1.01948051948052,1.01713912826517,0.99107681718199,0.998487140695915,0.99692241005635,1.03075916230367,0.990987607960946,1.00133445708667,1.0228211525091
1.01363636363636,0.995169644415992,0.963057324840764,0.985502050469218,1.00304982385506,1.00909090909091,1.00004348015131,0.974603174603175,0.959833270178098,0.974258259100793,0.991643008516934
1,1,1,1,1,0.992792792792793,1,1,1,1,1
0.982421524663677,0.967719298245614,0.978406084656085,0.988543747566743,0.975439776022799,1,0.992173913043478,0.986362649294246,0.985392814844058,0.977681785457163,0.975161290322581
1.01150264743473,1.00749335267102,1.01959193790065,1.01999509322866,0.992587867970434,1.04839685420448,1.02221735319895,1.01690810620404,1.00360576923077,1.0180412371134,1.02088157459477
1,1,1,1,0.995009586982432,1,1,1,1,1,1
1.00180505415162,1.00533829174664,1.01436464088398,0.996297116814887,1,1.01846508944028,1.00737342993098,1.00108248538645,1.01530272787758,1.01063291139241,0.988294382113492
0.995495495495496,1.00352007636776,1.02862745098039,1.01802414231258,1.02157213018275,1.03682719546742,1.00127665007022,1.01691176470588,1.0519003931848,1.00200400801603,1.03237704918033
1,1,1,1,1.02880463321251,1,1,1,1,1,1
0.992760180995475,1.00778834720571,0.999068073029186,1.01256264158715,1,0.987978142076503,1.00884015470271,1.00603972608566,1.02716172439571,1.00492857142857,0.999603017070266
1.00455788514129,1.00348062061235,1.01895484418062,1.00102311248074,1.0450943760871,1.01769911504425,0.998483380376627,1.00769458419651,1.00582241630277,1.01677446869003,1.01469420174742
0.994555353901996,1.01275720164609,1.00951645822974,1.001132893311,1.00284970530918,0.984782608695652,0.991181806674824,1.00062932662052,1.00036179450072,1.0232785739252,1.0120939334638
1,1,1,1,1.02127659574468,1,1,1,1,1,1
1.00456204379562,1.02629593080629,1.01666271652773,1.00975399753998,1,1.02924944812362,1.01834667120722,1.02071278825996,1.05123568414708,1.01557589834677,1.01330291194555
1,1,1,1,1.01018518518519,1,1,1,1,1,1
0.989464123524069,0.992477375565611,0.985201702817758,0.976331721340431,1,1.01340482573727,0.998996781340133,0.984965494577719,1.02534403669725,0.980290595990851,0.996069152387131
0.997980539746649,1,1,1,1,1,1,1,1,1,1
1,1,1,1,0.999083409715857,1,1,1,1,1,1
1,0.990311734199578,1.00717695473251,0.983156581409856,1,1,1.00389137620821,0.990491283676704,0.97461134101331,0.967130995676937,0.992643678160919
1,1,1,1,1.01809633027523,1,1,1,1,1,1
0.997976453274466,0.981872590205444,0.994917137907364,1.00253807106599,1,0.990740740740741,0.994123041013671,1.00025263157895,1.00309846224466,0.988434794948205,0.982322062683341
1,1,1,1,0.991236567618104,1,1,1,1,1,1
1.02396313364055,1.01224944320713,1.01848049281314,1.0149746835443,1,0.998664886515354,1.00876273531508,1.00677723522479,1.0193341722915,1.00789605914866,1.01453831041257
1,1,1,1,1,1,1,1,1,1,1
0.993519351935194,0.980082218748191,0.986895161290322,0.992030729705798,1,0.98903743315508,0.989193682460516,0.985031567504286,0.985634118967452,1.00206537995869,0.995429899302866
1,1,1,1,0.999090909090909,1,1,1,1,1,1
1.02083710817177,1.01228806049507,1.01634320735444,1.02656391431158,1,1.0213571235469,1.02773109243697,1.00878645103782,1.01343657481212,1.04051172707889,1.00649754882888
1.01437699680511,1.00344324482054,1.01849447236181,1.03527560405109,1.01364877161055,0.990471148755955,0.999918233851186,0.981864848943869,1.00393258426966,1.05191256830601,0.999226873864471
1.04321959755031,0.992206583691985,0.983402440492519,1.00789590418453,1.03007181328546,1.01362907536077,1.00016354567013,0.995928862224127,1.00391717963067,1.00532467532468,1.00584161863128
1.01140556860114,0.979249706916764,1.00097131997166,0.990698902646558,1.00871459694989,0.983390456103348,1.00359741640095,0.983304647160069,0.98149386845039,1.03093915514791,1.07576923076923
0.993532338308458,1.01334849754579,0.987860257631196,1.00101288316304,1.00431965442765,0.986595174262735,1.010183299389,0.985034132679853,0.980690595184007,0.995551657164338,0.993135502323919
1.02386913703889,0.990017130368008,1.01151566812794,0.984638689673128,1.00215483870968,1.00788043478261,0.991935483870968,0.994358063083074,0.996409543664582,0.994713656387665,1.00907192742458
0.999347896967721,0.983591885441527,0.989377881756201,0.990955528846154,1.01501710293089,1.00647074683203,1.00528455284553,1.00835455479605,1.01069394397303,0.974060483360749,0.994648590795576
1.00978792822186,0.984531392174704,1.02210504968566,0.989174929500591,1.04397463002114,0.996517546209483,1.01900525677315,0.999113867966327,0.989074180563542,1.00337750064952,1.01129842180775
1.03376413570275,0.992606284658041,1.02261904761905,1.00913493961131,1.03280680437424,1.00403225806452,1.00730158730159,1.03507760532151,0.983720930232558,1.01359399274987,0.99765915942543
1,1,1,1,1.02392156862745,1,1,1,1,1,1
1.00640725113299,1.02141527001862,1.04520760574311,1.01707168894289,1,1.03078982597055,1.00677592184053,1.00681204747012,1.01016548463357,1.01347553966024,1.04091862490668
1.02018633540373,1.03579459130963,1.00055689623167,0.994564243474106,0.988510149368058,1.01636363636364,0.995773986539365,1.00085106382979,0.995787502925345,0.971075682147583,0.994296448087432
1,1,1,1,0.995738086013173,1,1,1,1,1,1
1.0351598173516,1.00621919737151,1.00742115027829,1.0033033033033,1,1.01201124456938,0.99693492612386,0.993027210884354,1.00822561692127,0.999415963659961,0.992340191666953
0.999705925599177,1.02040816326531,1.03865193370166,1.01526489075127,0.992217898832685,1.02575757575758,1.00752857705952,1.01515670491523,1.02365967365967,1.02792026491786,1.01588785046729
1.01264891895867,1.00194285714286,0.997946764824784,1.00294811320755,0.996274509803922,1.00640078778927,1.00794178631509,0.994601433994095,1.00398497096664,1.02646705830333,0.988960441582337
0.992737835875091,1.00307973080871,0.995074889398219,1.01675485008818,1.00373942137375,1.00880626223092,0.997787610619469,1.00330760749724,1.00476298480381,1.00092307692308,1.00599483204134
1.02604242867593,1.00693654764612,0.990076027839974,1.02206996241688,1.00390980392157,1.01260911736178,1.00101139767379,1.04987320371936,1,1.03074085459576,1.01236343710401
0.982888920576073,0.988085827216262,0.975653742110009,0.990360191664734,0.98829283155662,0.955938697318008,1.0013989818521,0.990338164251208,0.974040632054176,0.987294959737548,0.984776725304466
1,1,1,1,0.989723320158103,1,1,1,1,1,1
0.967648338894531,0.997428424481399,1.00794824399261,0.987547340100421,1,0.993987975951904,1.01730761768016,1.01467479674797,0.984241019698725,0.99329386176897,0.988526279628993
1,1,1,1,0.988422523961661,1,1,1,1,1,1
1.01454272863568,1.00349490088232,1.01613790573996,1.00649572254068,1,1.01663306451613,0.999351516307458,1.02139337366291,1.02283965151872,1.01575329967764,1.01129413400056
0.979754691887099,1.00445332572081,1.01332611441978,1.00326425525557,1.00080807754312,1.00768468021815,1.00576379876326,0.992312218081977,0.996086556169429,1.00329341317365,0.996563691969348
1.00150829562594,0.990734951401125,1.00428507312764,0.990359389141567,1.00120710049616,0.995817958179582,1.00303616835554,0.978299537531128,1.00762653108389,0.989376305580424,1
1,1,1,1,1.00806451612903,1,1,1,1,1,1
1.00451807228916,1.04073436603557,1.02147581975208,1.00986170477353,1,1.00395256916996,1.03481024632033,1.01220202020202,1.02293577981651,1.01948482837667,1.01130995482914
1,1,1,1,1.02514,1,1,1,1,1,1
0.979010494752624,1.02072767364939,1.00892534722222,1.01093381291668,1,0.99876968503937,0.987970309700537,0.99788440044707,1.00112107623318,1.0085798816568,1.00583040676464
0.995405819295559,0.972078202635558,0.970819474103531,0.980142205603241,0.987182238523519,0.971914264597191,0.986306439674315,0.980039201568063,0.974132138857783,0.965972425931358,0.98135593220339
1,1,1,1,0.992517786561265,1,1,1,1,1,1
0.956923076923077,0.969553864103561,0.980001169833192,0.973514450867052,1,0.990114068441065,0.968930581613509,0.97269387755102,0.979422922174963,0.968114181597328,0.994818652849741
1.02893890675241,1.00366741160965,1.01446916259721,1.00298067902481,0.995591520746136,1.00742447516641,1.01587793354504,1.01800176241031,1.01760563380282,1.01537013801757,1.00069444444444
0.98515625,0.9882386525835,0.978746657158139,1.00573644328676,1.0096,0.975857687420584,0.999733150350717,0.999587798845837,0.986159169550173,0.988507877664504,1.01318528799445
0.994448850118953,0.986192154370559,0.976367037719112,0.990187710799404,0.986529318541997,0.957291666666667,0.997140133460439,0.983670103092783,0.987719298245614,0.981311331958247,0.986267123287671
1,1,1,1,1.02610441767068,1,1,1,1,1,1
1.00462519936204,1.02519039250146,1.04327385005737,1.01228733459357,1,1.03645266594124,1.0038240917782,1.01450490483776,0.999644760213144,1.03019108280255,1.01201430605229
1,1,1,1,1,1.00892388451444,1,1,1,1,1
1,1,1,1,1.01174168297456,1,1,1,1,1,1
1.01603429115733,1.01708571428571,1.01394849785408,1.01357104686738,1,1,1.01714285714286,1.00950413223141,1.0046197583511,1.01292197353778,1.00188711614342
1,1,1,1,1.00386847195358,1,1,1,1,1,1
0.9796875,0.986572279341536,0.988008818342152,0.987833140208575,1,0.962539021852237,1.01086142322097,0.986532951289398,0.977832802735527,0.986998718183483,0.992123287671233
1,1,1,1,0.97980732177264,1,1,1,1,1,1
0.973684210526316,0.97129840546697,0.973222111349319,0.981296187683284,1,0.967297297297297,0.992775101889589,0.995809302518568,0.959001567587122,0.980828695114409,0.981014842940973
1.03194103194103,1.02310037523452,1.0504402054292,1.00531345817071,0.99111146070951,1.00391170718078,0.997835417055421,1.00708333333333,1.01785489752295,1.00882723833544,1.0115763546798
0.986825396825397,0.974212034383954,0.987061288632792,0.993151010701546,1.01587301587302,0.974951294183134,0.998578748550698,0.981340504757964,0.970969734403953,0.985,1.00873073846047
1,1,1,1,0.991015625,1,1,1,1,1,1
1,1,1,1,1,1,1,1,1,0.978807106598985,1
0.962039568923918,0.966058823529412,0.938470519556334,0.987740050763852,1,0.952326577219526,0.992509082737181,0.961254690332645,0.96501272264631,1,0.982068965517241
1,1,1,1,0.983445013795822,1,1,1,1,1,1
0.971409463300451,0.999817329355173,0.956630248742714,1.01636363636364,1,0.978117505995204,0.987622174421676,0.978947368421053,0.991034937376401,0.964475560741605,1.0031952247191
1,1,1,1,1.00200400801603,1,1,1,1,1,1
1.00378657487091,0.997503045066991,0.986009852216749,0.987787716159809,1,0.970579221575238,0.998051278132284,0.990681003584229,0.982439803112944,0.961150692297352,1.01291519372791
0.932270233196159,0.946333720007327,0.924248601119105,0.96589235264289,0.937996,0.909062203978529,0.945635528330781,0.938178364688857,0.95260663507109,0.930979020979021,0.957532826537664
1,1,1,1,1.06611542053484,1,1,1,1,1,1
1,1,1,1,1,1,1,1,1,1.03733193119507,1
1.02630126908221,1.03283870967742,1.04425138488283,1.00311871101611,1,1.10003473428274,1.0168016194332,1.05234996384671,1.06609808102345,1,1.04611886976291
1,1,1,1,1.07998704015552,1,1,1,1,1,1
1.06989247311828,1.03735398838154,1.04251490806692,1.01301549523056,1,1.06094095358383,1.01333864224567,1.04690577618982,1.0924,1.02244750181028,1.01586808789541
1,1,1,1,0.992592592592593,1,1,1,1,1,1
1.00837520938023,0.980911663756247,1.00470910221195,0.987588412571499,1,1.00744047619048,0.988801571709234,0.990592868081383,0.986207738313194,1.00084985835694,0.996672212978369
1,1,1,1,0.973850746268657,1,1,1,1,1,1
0.975083056478405,0.98133824432167,0.983465911786567,0.990185088309294,1,0.983751846381093,0.987721041128552,0.979681978798587,0.958292079207921,0.972969148032833,0.974379067152738
1.00511073253833,1,1,1,1,1,1,1,1,1,1
1,1,1,1,0.986604953408534,1,1,1,1,1,1
1,1.00950831977981,1.04257688442211,0.993735691463936,1,0.998798798798799,0.999758609591246,0.991974752028855,0.981660854965775,1,1.00895136193573
1,1,1,1,1.00176313418461,1,1,1,1,1,1
1.01525423728814,1,1,1,1,1,1,1,1,1,1
1,1.0117734539596,0.990377533826121,0.986151898734177,1,1.02826217678894,0.991348088531187,1.02990637214799,1.01460334166557,0.983854545454546,0.985756368047132
0.973288814691152,1,1,1,0.955619306067067,1,1,1,1,1,1
1,0.966499265066144,0.983081268700444,0.977780915462224,1,0.968713450292398,0.970326770854475,0.952780229479259,0.955394190871369,0.964665878178593,0.949303895373365
0.97958833619211,0.957163677840441,0.96940198019802,0.968165408598622,0.961456702176859,0.971928765469363,0.964692101740294,0.954608615099583,0.948697068403909,0.959386973180077,0.964817420931783
0.988443354929084,0.99304865938431,1.01726490558638,0.999952542372881,0.993666693389479,1.02173913043478,1.01465741543799,1.01353711790393,0.991416309012875,0.998642172523962,1.00038384768924
0.993445527015057,1.00666666666667,0.969895582329317,1.00147803624579,1.04373673036093,0.993313069908814,0.983844773057526,0.998468093254823,1.00952380952381,0.994561305286731,1.032077354002
0.946148359486448,1,1,1,1,1,1,1,1,1,1
1,0.947019867549669,0.970201321717238,0.948426318960673,1.00528885272579,0.951652386780906,0.945438748913988,0.937047514024069,0.919525443110349,0.909770808202654,0.920142761543609
1.06860158311346,1.10797202797203,1.00188214205691,1.03596182535887,1.12559692432214,1.04083601286174,1.03836610917111,1.10519852640196,1.07445981657081,0.928135773004508,1.03252525252525
1.00123456790123,1.00012623074981,1.04746995188468,1.0362982408996,0.94901756341345,1.0454124189064,1.01951413779371,1.02550925925926,1.02213541666667,1.10352380952381,1.08589317159069
1,1,1,1,1.0229129965335,1,1,1,1,1,1
0.989431037519817,0.996339770289032,1.02360589201763,0.981908124389125,1,0.979905437352246,1.00026041666667,1.02008938648368,0.993630573248408,1.03150081988435,0.987351351351351
1.01655688089728,1,1,1,1.00776658037133,1.0102533172497,1,1,1,1,1
1,1.01241449201926,0.997012274703859,1.03133845257926,1,1,1.01102143539009,1.0128341299345,1.01139601139601,1.01388888888889,1.03616920325559
1.00525394045534,0.996371371371371,1.02831901077728,0.990177668640763,1.01255053289232,0.976417910447761,0.986824034334764,0.984444638643712,0.995774647887324,0.977884139296914,0.964776329693554
1,1,1,1,0.994501206830844,1,1,1,1,1,1
1.05313588850174,1.02850684415421,1.00135244583435,1.02773688747431,1,1.00580862121675,1.00308789631627,1.00532623169108,1.0035360678925,1.02742616033755,1.04238773274918
1,1,1,1,0.992700729927007,1,1,1,1,1,1
1.01753515301902,1,1,1,1,1,1,1,1,1,1
1,1.00720390720391,0.979102167182663,1.0264979708761,1,1.01702127659574,1.0312608394034,0.99205298013245,1.01494009866103,1.017659137577,1.00066547581521
1,1,1,1,1,0.999103407053198,1,1,1,1,1
0.978702649975614,0.987998545278216,0.972529644268775,1.01946574481458,1.02205882352941,1,0.983561067899937,0.990075656430797,0.975558950145813,0.976271186440678,0.966468323416171
1,1,1,1,1,0.97786419383787,1,1,1,1,1
0.975415282392027,0.98521472392638,0.989201381832961,0.995702756524473,1,1,0.989783705223562,1.00229244392502,1.01266903914591,0.958994708994709,0.995980008691873
1,1,1,1,0.998920863309353,1,1,1,1,1,1
1,1,1,1,1,0.985010706638116,1,1,1,1,1
0.99625340599455,0.979948938290055,0.988684966289088,0.987616099071207,1,1,0.993305981429497,0.960624271235088,0.997329210008434,0.987068965517241,0.985055088905858
1,1,1,1,1,0.995962732919254,1,1,1,1,1
1.00461538461538,1.0052741945733,1.02123928374037,1.00670846394984,0.996398991717681,1,1.01260869565217,1.00172735760971,1.01338971106413,0.99292576419214,1.01306755260244
1,1,1,1,0.990245753523672,1,1,1,1,1,1
1.00391356134082,0.997408343868521,1.02097660223805,1.04125926387245,1,0.997817274711569,1.00042936882782,1.00666449177425,1.01933240611961,1.03219280499604,1.05199679347034
1.00271186440678,0.991444324735408,0.996990892967458,1.00481473728281,1,0.996875,0.995236051502146,0.995648148148148,0.984991131122936,0.985939497230507,1.01149942849226
1.03769438810007,1.02090258245973,1.02418149110534,1.01022619047619,1.00729194418998,1.00940438871473,1.02134632800035,1.02762019901423,1.05277739299072,1.05445116681072,1.00404068075198
0.992506922951621,0.994302172687997,0.992587793082721,1.00932134481905,1.00359059271954,0.988819875776398,0.989106569836176,0.987737556561086,1.00934210526316,1.00327868852459,0.982026533883565
1,1,1,1,0.989024874544207,1,1,1,1,1,1
1.01427868045298,0.986146095717884,0.971293747542273,0.970782253356684,1,1.0144472361809,0.998335183129856,0.944889825461542,1.02333463694434,1.02859477124183,0.988782385219143
1.00970873786408,1.01787994891443,0.993953441295547,0.994082804654379,0.981931009308268,0.978018575851393,0.996066190618719,1.00746630466402,1.02292993630573,1.02851469420175,1.00716518562748
1.01746794871795,1.02183186951067,1.03765073429828,1.02546110059222,0.981799256505576,1.01424501424501,1.00579523502898,1.01121270452358,1.04632627646326,1.01475017375859,1.02779424585876
0.981256890848952,0.978880157170923,0.979195289499509,0.993983010854176,1.01096537727562,0.99812734082397,0.990183525394793,0.976919050111835,0.98083789573911,0.961339421613394,0.981609663409338
1,1,1,1,0.983895131086142,1,1,1,1,1,1
0.971268057784912,0.991658304064225,0.9902986570455,1.00890207715134,1,0.994058786741713,0.999956896551724,0.984021823850351,0.981070258463779,0.980050664977834,1.01621154510888
1,1,1,1,1.01256185763228,1,1,1,1,1,1
1.00446207238473,0.978432736702296,0.989760352993564,0.991758823529412,1,1,1.0194404931247,0.983613861386139,0.992949907235622,0.996526655896608,0.986394095037246
1,1,1,1,0.977067669172932,1,1,1,1,1,1
0.9820664692333,0.982546864899806,0.981601264619091,1.00910444308685,1,0.990563070147845,1.03014799154334,0.987820222457094,0.971599402092676,1.00226959552565,0.986240904858788
1,1,1,1,1.00807618314736,1,1,1,1,1,1
0.996816887250796,1,1,1,1,1,1,1,1,1,1
1,1.01315789473684,1.01594361713652,0.990395805659069,1,0.997141949825341,1.00972786602635,1.03459520048912,1.02730769230769,0.997573797007683,1.0101048951049
1,1,1,1,0.96592353405929,1,1,1,1,1,1
0.941680672268908,0.973051948051948,0.96789341688933,0.978249258160237,1,0.964649681528662,0.951219512195122,0.957795725401359,0.967178335205292,0.964572355087151,0.980546228668351
1.02338033196502,0.994994994994995,0.952330508474576,0.979767646434313,1.05168510022879,0.957411687025421,1.01153846153846,0.991824772481876,0.987096774193548,0.995965708522441,0.984926042291806
0.95517963027555,0.960429242119383,0.971935483870968,0.959808049535604,0.956524679599175,0.942758620689655,0.961174482467258,0.959512700881286,0.939869281045752,0.940168776371308,0.953010752688172
1.01679751688881,1,1,1,1,1,1,1,1,1,1
1,1.03526536312849,1.03116380740927,1.02342444632247,0.982005656375206,1.00073152889539,1.01358182057932,1.02117888594738,1.01502086230876,1.01849026119738,1.02828237240964
1.02442090141857,1,1,1,1,1,1,1,1,1,1
1,0.998650927487353,1.02508324084351,0.998985123550177,0.964959859839439,1.00511695906433,1.00997398091934,0.993122057034019,1.00534392984379,1.00775535383802,1.00581544201017
1.03067484662577,1.02924687605539,1.02639670853183,1.01212147981752,1.05621396208739,1.06909090909091,1.01811936453413,1.02898087475361,1.04538639771024,1.04932225623087,1.01654545454545
1.00374149659864,1,1,1,1.01648351648352,1,1,1,1,1,1
1,1.00715316970731,1.00964577311758,0.997942643391521,1,1.00884353741497,1.00442813765182,0.989127621019933,1.0102998696219,1.00591715976331,0.990949740654624
1.01270755676042,0.990226102821398,0.994282872438681,0.997651027675392,1.01523938223938,1.01146325016858,1.01717260780115,0.985291808427113,0.995999483804362,0.984092792046396,0.997761894448054
1,1,1,1,1.00341893993847,1,1,1,1,1,1
1.02425966203781,1,1,1,1,1,1,1,1,1,1
1,1.01467394880569,1.01192452703299,0.996869011985422,1,1.01733333333333,0.992322298357137,0.997237569060773,1.00621922777922,0.99781107930628,1.00133863965268
1,1,1,1,1.03621051674083,1,1,1,1,1,1
1.00490035935969,1.01251621271077,1.02057943925234,1.02091159214543,1,1.00098296199214,1.00806988352745,1.01054762412103,1.02755601339171,0.999915626054674,1.01260974816635
1,1,1,1,1.01191294806145,1,1,1,1,1,1
1.01024057217165,1.01857426503555,1.00726482420957,1.02077859749082,1,1.00261865793781,1.00272344639762,1.02799156562994,1.03345864661654,1.01738249936714,1.00371083993435
1,1,1,1,1.01207994014249,1,1,1,1,1,1
1.00450522928399,0.994277809218386,0.993375476535368,0.983616636528029,1,0.990858635324845,0.987201646090535,0.989744115686375,0.99502849521038,0.98283155013685,1.00927835051546
1,1,1,1,0.994646409451462,1,1,1,1,1,1
0.996796411981419,0.993549203136858,0.984384787472036,0.986444583348654,1,0.981219110378913,0.997748968277127,0.977824983161494,0.984157933219595,0.978902953586498,0.982564897326618
1.00257110718303,0.987842138765118,0.994789493039572,0.989004162266261,1.05924596050269,0.986232370718603,1.00380196365156,0.982938589519419,0.979073798910351,1.00327586206897,0.991038141669056
1,1,1,1,1.01016949152542,1,1,1,1,1,1
0.998076614842122,1.00966557123526,1.00768431983385,1.00065326633166,1,1.00102145045965,0.999500541080496,0.999946094550159,1.01808524092576,1.00833476542361,1.00723431961224
0.992291633210214,0.992213925585551,0.995323577906018,0.999974890774871,0.968124161073825,0.994897959183673,0.997293245606729,0.989649595687331,0.991304347826087,1.0072432893055,1.00150829562594
1.00097103091115,1,1,1,1.00241940235909,1,1,1,1,1,1
1,1.01788126326623,1.01318821943507,1.02764595103578,1,1.02222222222222,1.0041755396885,1.01454406798126,1.02631578947368,1.01514382402707,1.04184595524957
1,1,1,1,1.00279738173369,1,1,1,1,1,1
0.992724333063864,1.02559241706161,1.02288984263233,1.02013390021014,1,1.01839464882943,1.01039544263795,1.02163758389262,1.02478632478633,1.01258438203184,1.01562553777319
1,1,1,1,1.03437491379548,1,1,1,1,1,1
1.0057003257329,0.991373998767714,1.01358641358641,1.0059880239521,1,1.00098522167488,0.995020371208692,1.04845490855581,0.989038484451328,0.998024691358025,1.01175912433495
0.995627530364372,1,1,1,1,1.00721784776903,1,1,1,1,1
1,1.00764449968925,1.00729351468559,1.00891666666667,1.00674385036186,1,1.00806518322442,1.03383458646617,1.01421515480063,1.00593765462642,1.02280948553055
1,1,1,1,1,1.00651465798046,1,1,1,1,1
0.988126219908913,1.01338432122371,0.988649706457926,0.997203506826039,1,1,0.997948549624585,1.0105696969697,1.00510749495189,1.00836202656173,1.00556701706127
1,1,1,1,0.993377483443708,1,1,1,1,1,1
0.986008230452675,0.984723067559342,0.987715756136184,1.03535000946611,1,1,1.00238457427127,0.969102336515857,0.995982037343418,0.982357723577236,0.985019702347999
1,1,1,1,0.995006666666666,1,1,1,1,1,1
1.00901502504174,1,1,1,1,1,1,1,1,1,1
1,1.02293095988627,1.01694208748001,1.00517717244099,1,1.01132686084142,1.00139452852631,1.01703054606664,1.02728998576175,1.03393197053712,1.01828280490627
1,1,1,1,0.994968207918205,1,1,1,1,1,1
1,1,1,1,1,0.98624,1,1,1,1,1
1.00397088021178,0.983987915407855,0.979410698239031,0.977800517324692,1,1,0.985050174073316,0.989096042447549,0.976668976668977,0.986952693508365,0.99974025974026
1,1,1,1,1.01009090909091,1,1,1,1,1,1
1.01268951878708,1.03770340804421,1.03018108651911,1.00286046511628,1,1.02985074626866,1.0045738045738,1.03007037747921,1.02388836329234,1.03811841038118,1.01347752663029
1,1,1,1,0.993343266766001,1,1,1,1,1,1
1.033360455655,0.981833244570685,0.984373046875,0.9817846624771,1,1.01134215500945,1.01200331125828,0.988055422838031,0.991452991452992,0.98828125,0.976671900535136
0.994488188976378,1,1,1,1,1,1,1,1,1,1
1,1.00675024108004,1.00575596380152,0.99466784765279,1.01979865771812,0.986915887850467,0.995910020449898,1.00822050290135,1,1.01897233201581,1.00282161488238
0.997624703087886,0.999461206896552,1.00611560465575,1.00921951711814,1.04475156301415,1.00789141414141,1.00361396303901,0.995203836930456,0.982059645852749,0.988750969743987,0.996564698184197
0.991587301587301,0.99958071278826,0.985294117647059,0.997647058823529,0.976377952755906,0.999373629815221,0.999099762664703,0.987903614457831,0.982562277580071,0.99019223224794,0.991825344714379
1,1,1,1,1.0000064516129,1,1,1,1,1,1
1.00288138306387,1.01635906040268,1.0314447761194,1.00592570754717,1,1.01065496709495,1.00258027522936,1.01058588223816,1.01026198237354,1.00237717908082,1.00536228526034
1,1,1,1,0.999509680582706,1,1,1,1,1,1
1,1,1,1,1,1,0.995506352383676,1,1,1,1
0.989624900239425,0.981840693355345,0.994418301334553,0.981606635209988,1,0.985116279069767,1,0.979870631396022,0.989483747609942,0.970671936758893,0.977019062983571
1,1,1,1,0.997259964498951,1,1,1,1,1,1
0.967741935483871,0.974599171320483,0.979600627076025,0.989448667498671,1,0.986465218759836,1.00172350116952,0.980343859303414,0.977415458937198,0.989494258490105,0.98743049705139
1,1,1,1,1.01617470493623,1,1,1,1,1,1
0.991666666666667,1.00080098582871,0.988326262542237,1.00181050090525,1,0.993937460114869,0.996599893490639,1.00758793969849,0.999876436426541,0.986172839506173,0.989010989010989
1,1,1,1,0.993636922410581,1,1,1,1,1,1
1.01680672268908,1,1,1,1,1,1,1,1,1,1
1,0.992796897124915,1.00400801603206,0.994030120481928,1,1.01444622792937,1.00090430779349,0.99795521420378,0.997404844290657,0.998915039225505,0.990372670807453
1,1,1,1,1.01454803029477,1,1,1,1,1,1
0.996198347107438,1.01190623837281,1.01497005988024,0.999945457520499,1,0.993670886075949,0.99917864476386,1.00449775112444,0.990831371577252,0.998496114963656,0.986028361381137
1,1,1,1,1,1.01433121019108,1,1,1,1,1
1,1,1,1,1,1,1.0059186189889,1,1,1,1
1.0179193628671,1.00625076602525,1.02300884955752,1.00121818181818,0.991978896821887,1,1,1.01203980099502,1.01613104914343,1.01322065099155,1.00657243816254
0.994295028524857,1,1,1,1.01560186114057,1,1,1,1,1,1
1,0.989037758830694,1.00499807766244,0.998783300343218,1,0.999686028257457,0.997589278417913,0.992429456297316,0.991877922717204,0.99149393013461,0.995120410025978
1,1,1,1,1,0.998429648241206,1,1,1,1,1
0.999672131147541,0.985837438423645,0.986036725325172,0.992163636363636,1.0222640326121,1,0.999385623592054,0.998117693679414,0.985111662531017,0.986173579876728,0.986629978480968
0.991636602164644,1,1,1,1,1,1,1,1,1,1
1,0.991442848219863,1.00290979631426,1.00537545737201,0.981613496932515,0.994652406417112,1.00204918032787,0.99454094292804,0.987027707808564,0.987331081081081,0.984696796338673
0.998842401190673,1,1,1,1,1,1,1,1,1,1
1,1.002394002394,1.00288394584139,0.998863822780657,0.997971913026631,1.0022137887413,1.00449897750511,0.993063872255489,0.994640806431032,0.998545765611634,1.00580973129993
1,1,1,1,0.987925738280357,1,1,1,1,1,1
0.984602649006622,0.984224750172836,0.977259007388749,0.991484184914842,1,0.983591038182392,0.992711726384365,0.983618913622431,0.967286722257858,0.978840058254091,0.981841155234657
0.97881284681352,0.99367816091954,0.990329583580028,1.00509202453988,0.956887616837981,0.989412897016362,1.00151757516099,0.994636015325671,0.98129973474801,0.993260983721337,1.02217156304004
1,1,1,1,1,1.01783398184176,1,1,1,1,1
1.01649201168184,1.01985733564681,1.02112196094061,1.00896661173167,0.993047343648041,1,1.00974690801867,1.00667693888033,1.0355453439654,1.00969248391929,1.00079136690648
1.03735000845023,0.999117832388154,1.01444382209957,1.00908051470366,0.99633422281521,1.00637145587767,1.00584036340039,1.00510204081633,1.00509005481598,1.01658085347762,1.01854647401337
1,1,1,1,1,0.998733776511554,1,1,1,1,1
0.993809058325187,1.00277497477296,1.01509234320893,0.992254196642686,0.982587939109678,1,1.01733870967742,0.99492385786802,1.00376574470848,1.00257532835437,0.99880019761451
1,1,1,1,1.0221465076661,1,1,1,1,1,1
1,1,1,1,1,0.989857369255151,1,1,1,1,1
1.0016393442623,1.00094339622642,0.983615878099859,0.984840611934166,1,1,0.987792310741181,1.00183673469388,1.0130659767141,0.987670177241202,1.02275296777841
1.03436988543372,1.01658812441093,1.02218304431599,1.01606758323671,1.01629666666667,1.01633045148895,0.998475242757403,1.01782440415563,1.02694419614353,1.0134373645427,1.02311040486389
0.992879746835443,1.00624266023858,0.986073856814065,1.01196729824053,1.00399161662113,0.995274102079395,1.00100466162996,1.00800560392275,1.0026112907237,1.00230966638152,1.00955532295641
1.00398406374502,1.0012285012285,1.00702508960573,0.998812649164678,1.00618739913625,1.01076289965179,1.00004014613192,1.00516231509977,1.0135185414858,1.01032687548007,1.01371237458194
1,0.999693251533742,0.991837509491268,0.99756871225381,1.00317207792208,1.03351080488569,1.00152549177037,0.997530864197531,1.0002447381302,1.00557526609225,0.995677994061366
0.995238095238095,0.991347038969009,0.990947368421053,1.00063475334443,1.00654741291423,1.00272727272727,0.997314413981081,0.98509900990099,0.978101296794715,0.993531586021505,1.00901288975778
1.0103668261563,1,1,1,1,1,1,1,1,1,1
1,1.01609508480872,1.01666570098692,1.00418910831837,0.994533762057878,0.997582351163493,1.01241911498734,1.02115684205236,1.02789243277048,1.05690369493532,1.00499162589078
1.00236779794791,1.00846838065066,0.994137526857004,1.02205005959476,1.02489169091497,1.00090881551045,1.01429138547042,1.01476377952756,1.01800924799221,0.9896,0.999575205045257
1.00188976377953,0.993173442880445,0.995366061993491,0.998833819241983,1.0725585885129,0.998789346246973,0.999882583170254,0.997526673132881,0.996414056896964,0.999595796281326,1.00389016018307
1.00204338258409,1.0036496350365,1.00059513753436,1.00029772329247,1.07088235294118,0.993939393939394,1.01009903315458,0.999124896689192,1.01475527831094,0.997250303275374,1.00504738024683
1,1,1,1,1,0.998475609756098,1,1,1,1,1
1,1,1,1,0.950645427080472,1,1,1,1,1,1
1.03247058823529,0.987878787878788,0.974677569752762,0.993866391208689,1,1,0.998837434605697,0.992068512481145,0.998936044449698,0.98613251155624,0.996792379471229
1.0092676997873,1.00533742331288,0.979663385826771,1.01055783910746,0.985178978996331,0.996641221374046,1.00407371483996,0.983764959780263,0.999408284023669,0.998273026315789,0.999512432959532
1,1,1,1,1,0.995098039215687,1,1,1,1,1
1.00556977269306,0.995728321230243,1.00646614516878,1.00012783414101,1.00439882697947,1,0.997913446676971,1.02457994715062,0.98283007696862,0.990361644287009,0.978764227642276
1,1,1,1,1,0.991071428571428,1,1,1,1,1
1.01781437125749,0.993932708218423,0.987248620946441,0.98884499186614,1.01313868613139,1,0.995043754356075,0.981557177615572,0.989759036144578,0.979121610380968,0.979499617902117
0.972937196646566,1.0059810087557,0.997775530839231,1.0154347826087,1.03025936599424,0.998136067101584,0.992256206708693,1.00887412622081,1.01485088253195,1.01095913686178,1.00512211668928
1,1,1,1,0.986013986013986,1,1,1,1,1,1
0.991685563114134,0.999938706711615,1.00719497365221,1.00869655782951,1,1.01680672268908,0.992862465194714,0.998525798525798,1.00563751949142,1.00504201680672,0.997603860821437
1,1,1,1,1.00141843971631,1,1,1,1,1,1
0.992378048780488,0.985656491357117,1.00267632558607,1.03140595422475,1,0.993878175696358,0.991191689378678,0.990157480314961,0.986760496183206,1.00108695652174,0.987449255751015
1,1,1,1,0.974504249291785,1,1,1,1,1,1
0.993087557603687,0.990174129353234,1.00586015894678,0.999416034036873,1,0.994764397905759,0.990077309316968,1.0029324055666,1.01897739634957,0.995990979704335,0.983658227414437
1,1,1,1,0.986918604651163,1,1,1,1,1,1
1.01964423820572,0.992149227483984,1.00916799680766,1.00278241513634,1,0.998142414860681,1.02052726906822,1.00054512116557,1.00604982206406,0.993710691823899,0.992964614098635
1,1,1,1,1,0.994106699751861,1,1,1,1,1
0.990594660194175,1,1,1,1,1,1,1,1,1,1
1,0.997024751535102,0.994849692068921,0.959467258601554,1.00147275405007,1,0.991875369749556,0.995393759286776,0.986440278269072,0.989957805907173,1.01508242721852
1,1,1,1,1,0.998127925117005,1,1,1,1,1
1,1,1,1,1.01764705882353,1,1,1,1,1,1
0.995405819295559,0.995555555555555,0.994626284306127,0.997622848417546,1,1,0.990615929062786,0.985022640195054,0.992828113793928,0.994288636944847,0.993434692467173
1,1,1,1,1.0028901734104,1,1,1,1,1,1
1.00353846153846,1.00669642857143,1.02400466746323,0.990329593877729,1,1.04501406689591,1.00493718139124,1.01217417660133,1.01011317120154,1.00308641975309,1.00695652173913
1.02146251724667,1.01362052581565,1.01386146341463,1.01455944080507,1.03458213256484,1.05414298534251,1.00135804441604,1.01572091630484,1.02598331346841,1.01521367521368,1.01246977547496
1.0051028065436,1.003375,1.01128936651758,1.00920925079629,1.05849582172702,0.992905788876277,0.999641005185481,1.03439465408805,1.03496747211896,0.9943593197508,1.00470813005356
1.00194116768702,1.00903201694282,1.01147544103374,0.99485991995426,0.986044736842105,0.992283509574164,1.00746179322453,1.01192285768573,1.00886743742283,1.01981203962408,1.01531461170159
0.975856929955291,1.00277794925613,0.996203198494826,1.00809765461118,0.97945539996317,0.994815668202765,1.00205956907478,1.00783927146411,1.02325322652425,1.00664176006642,1.00535117056856
1.00030543677459,1.00344742674218,1.00815514030694,1.00369420215495,0.998604900830792,0.984365952518819,1.00415019762846,0.98141592920354,0.991627704686311,0.987876288659794,0.996739853626081
1,1,1,1,0.985374651761181,1,1,1,1,1,1
1,0.996871165644172,1.0029037092544,0.989986254529757,1,0.989705882352941,0.998228695138752,0.989511651084429,0.991228070175439,0.999415595257973,0.998097590281023
1.00763358778626,1,1,1,1,1,1,1,1,1,1
1,1.00529263339282,0.990921826842253,0.991709458102642,0.978323415308188,1.00832095096582,0.988406940063091,0.997553956834532,1.00110619469027,0.989056887478072,1.00461461294098
1.00863636363636,1,1,1,1,1,1,1,1,1,1
1,1.01010101010101,1.01226224811024,1.01243853051779,1.00056609274297,1.01090480400825,1.00530599218064,1.0237992211164,1.01370165745856,1.00819256756757,1.00226342242785
0.998197386210004,1,1,1,1,1,1,1,1,1,1
1,1,1,1,1.00141726002054,1,1,1,1,1,1
1,0.987878787878788,1.0034823415488,1.00428571428571,1,0.992419825072886,0.994880749236081,1.00075138536677,0.990843688685415,0.996062662310463,1.00491514728837
1.04589917231001,1.01067484662577,1.00210627893814,1.01564722617354,1.01412429378531,0.994418331374853,1.00103709613083,0.999202252463632,1.004400440044,1.01925988225399,1.01269043920817
0.988776978417266,1,1,1,1,1,1,1,1,1,1
1,0.985188782323661,1.00610185185185,1.00672268907563,0.980779944289693,0.994091580502216,0.992508766337265,0.991875264171324,1.00186199342826,0.99141843386418,0.990111934210097
1.01833527357392,0.991990141712877,1.01086886498127,0.993322203672788,1.00255609201931,0.991381872213967,1.007547775815,0.99000946969697,1.01158849896141,0.996837286724927,0.99166117336849
1.0125750214347,1,1,1,1,1,1,1,1,1,1
1,1.01490683229814,1.00436999271668,0.997254901960784,1.03512747875354,1.00179856115108,0.996174689193497,1.00349131952748,1.02626175294499,0.999165066377223,1.00196097982517
1,1,1,1,1.00273946360153,1,1,1,1,1,1
1.05278012983347,0.993084455324357,0.98350435097897,0.983725633391383,1,0.990125673249551,1.01024,0.995138690305977,1.00431760741365,0.991058744881758,0.998440920851854
1.00281501340483,0.997719849633327,1.00957601921471,0.996961961704728,1.00163482086566,0.99274705349048,0.996594868546088,1.00349616858238,1.02443116283947,1.00210792580101,0.987973022359547
0.99933164015506,1.02408894379246,1.01335047179457,1.00726310423242,0.999182561307902,1.00243531202435,1.01064759634486,1.04371689018279,1.05742067553736,1.0095919225915,1.01129905504927
0.993846976993044,1,1,1,1,1,1,1,1,1,1
1,1,1,1,0.983106081265339,1,1,1,1,1,1
1,1.01622436670688,0.98291015625,0.986641948489898,1,1.00455511691467,0.992609481877506,0.995884585486305,0.986351756848321,0.986665555462955,0.992617962956805
0.995827725437416,1.00670662947356,1.02818762911921,1.00330259365994,0.986674248623459,0.999093107617896,0.998376237623762,0.993893199871436,1.00392541707556,1.01089619055664,1.00348397038625
0.992025949452629,0.993102228510789,0.993938313424853,1.00006893659557,1.00027832364823,0.998184568835098,0.991709310167004,1.00757645754412,0.991397849462366,1.00660093582888,1.00827908529461
1.00068119891008,0.991510834075393,0.988699551569507,0.994336100180946,0.990725126475548,0.992725068202486,0.99992,0.981201283814764,0.983238020114376,0.989872997426745,0.991623348673973
1,1,1,1,1.00141843971631,1,1,1,1,1,1
0.99714091218516,1.0008980960364,1.01118831640058,0.987325172300244,1,0.997557251908397,0.998879910392831,1.00014018691589,0.996289610910549,0.99706498951782,0.993989983305509
1,1,1,1,1.02152974504249,1,1,1,1,1,1
1.04860731840524,1.01028892743913,1.00190718144418,1.01467481934408,1,1.0052035506581,1.00200240288346,1.00925103957389,1.02023150478108,1.01682085786375,1.01679543164259
1,1,1,1,0.995562950637826,1,1,1,1,1,1
1,1.00592101367754,1.00513403649517,1.00915156303161,1,1,0.999440447641886,1.0091662423036,1.00483425414365,0.997518610421836,1.01093491906178
0.992838541666667,1,1,1,1,1,1,1,1,1,1
1,1.00158926364118,1.00481563236575,1.00457142857143,0.977994428969359,0.999390986601705,1.01695593057666,0.997798064131382,1.00490918016691,1.01119402985075,0.997156955655044
1.00668852459016,1.00017630465444,0.993785460992908,0.998225255972696,1.00683565935631,0.993296770262035,1.0147070389304,0.997195531239943,1.00928187591597,0.992865928659287,0.997148849708331
1.00612298071912,1.02356190140431,1.04729390984755,1.00975565280817,0.995756718528996,1.00306748466258,1.00953340567354,1.01857999077916,1.00629235237173,1.02618103733069,1.00637591612712
0.997021882688074,1,1,1,1,1,1,1,1,1,1
1,1.01090700344432,1.03576983422572,1.01580135440181,0.991193181818182,1.00152905198777,1.00084452975048,1.0124926447291,0.996536796536796,1.02527162977867,1.0019267822736
1,1,1,1,1,1.00091603053435,1,1,1,1,1
0.982597402597403,0.990743895513913,0.990131578947369,0.982816666666666,0.993981083404987,1,0.994169990794722,0.989270865930529,0.969591659426586,0.984692676034226,1.0006518904824
1.00185038329368,0.98928182495558,0.982885382059801,0.992611937345611,0.996880046136102,0.985051860890787,0.990740740740741,0.985448958380406,0.979689366786141,1.00661670918367,0.990944625407166
0.985224274406333,1,1,1,1,1,1,1,1,1,1
1,0.995828505214369,0.998195022114359,0.991765375854214,0.999407031164128,0.984515329823475,0.998169781931464,0.996927592057596,0.995325203252032,0.989783796626277,0.985010847413056
1.00696304231387,1,1,1,1,1,1,1,1,1,1
1,0.998894577612288,0.992162592761276,0.994005305649023,1.00285662189266,1.00251651462724,0.997542230718215,0.997240110395584,0.998570553400041,0.992158745399264,0.990022024961623
1,1,1,1,1.01615873015873,1,1,1,1,1,1
1.00345744680851,1.00058244510455,1.01023037542662,1.00995898561608,1,1.00627549419517,0.999530700039109,1.00784132841328,1.01431492842536,1.03467741935484,1.01041561330772
0.99615690432017,0.987077245474125,0.971460907609017,0.983218367136827,0.997446740831414,0.987215466167758,1.00019563346115,0.9720823798627,0.960282258064516,0.996648480124708,0.994695756605284
1.0002660635892,0.995518075131214,1.00695531211963,1.00343222803956,0.990603644646925,1.00126342387871,1.00269921370731,1.00070621468927,1.02036531597733,0.993196214905763,0.993661334138243
1.048011703684,1.01119601919318,1.00863408737696,1.00411618064815,1.0232825524576,1.02018927444795,1.00780274656679,1.00983298047518,1.02530864197531,1.00385826771654,0.999729985149183
1.00380710659898,1.00878734622144,1.01455915083034,1.0078752886836,0.999991573033708,0.98330241187384,0.991793124806442,1.00302832650019,0.990367248645394,0.996313436347949,1.007798784605
1.00252844500632,0.985540069686411,0.997284864766353,0.986457688870557,1.00417981050402,0.99622641509434,1.00109289617486,0.989641878396581,1.00455927051672,0.997401983939537,1.00113899031858
1,1,1,1,1.00535407080017,1,1,1,1,1,1
0.988650693568726,0.988156266572388,0.992402643000364,0.987804878048781,1,0.99810606060606,0.992280099812851,0.987139772833943,0.993444276348966,1.00221011918857,0.993809603480007
1.01530612244898,1.01562313655337,1.03051124883846,1.01528512639624,1.00139399386198,1.00727387729285,1.0052652259332,1.01511981742107,1.02852791878173,0.997873513428369,0.998350168350168
1,1,1,1,1.01277854959711,1,1,1,1,1,1
1.0213567839196,1.01338656646313,1.01589675711449,0.997683844817603,1,1.00376766091052,0.998671044402752,0.997704918032787,1.01273319514362,1.00134175217048,1.00499139995278
1.00246002460025,1.01095017381228,0.984514859741241,0.994399303540337,0.994485581579099,0.993431341883015,0.997847358121331,0.99291113093282,0.987914230019493,0.992354378497675,0.997650927883486
1,1,1,1,0.997826140931173,1,1,1,1,1,1
0.985276073619632,0.991632758324259,0.988089330024814,0.982227799340473,1,0.996221662468514,0.996273779172387,0.990543735224586,0.993587213891081,0.987291501191422,0.998721786807494
1,1,1,1,1.00386783558796,1,1,1,1,1,1
0.99626400996264,1.00676183320811,1.01339862715553,1.03095846455523,1,0.995575221238938,1.0003937007874,0.991742243436754,1.0079436004369,1.00394207562349,0.997036138897309
1,1,1,1,1.03442577802258,1,1,1,1,1,1
0.99,1.04758897818599,1.01783734757634,1.03171757925072,1,1.01587301587302,1.00759543486816,1.0226692977812,1.01802778051423,1.02251782995432,1.01435665304192
1.01868686868687,1.03676913803496,1.04690796948547,1.00445802584314,1.01038338658147,1.00875,1.00574151466625,1.02084902108434,1.00290303851364,1.01057993730408,1.01305448248302
1.02119484382747,1.00792811839323,1.03410852713178,1.00778082435582,1.02239789196311,0.995972738537794,0.995339805825243,1.00364206352865,0.994114241605558,1.01519968980225,1.00364891518738
1.0183274669256,1.01887781856319,0.997791604197901,1.01919426048565,1.02575773195876,1.01928460342146,1.0049551307062,1.00780891134589,1.02455595457634,0.998013902681231,1.01228259801513
1.00119189511323,0.99305198147195,0.993197871761777,0.983333152838995,0.997502474911682,0.9896246566982,1.00244593702683,1.00401093892434,1.01714664645699,1.02564102564103,0.987186953989517
0.996428571428571,0.98937548587717,0.98018154311649,0.979895374449339,1.02014861460957,0.983657107616405,0.989155693261038,0.9831577991647,0.974853310980721,0.980597014925373,0.982694198623402
1,1,1,1,1,1.0012539184953,1,1,1,1,1
1.00346475507766,1.01011000523834,1.01350517055101,1.00322564330229,1.00740989483925,1,0.998394675019577,0.996721614258669,0.999617846565396,1.00509893455099,1.00730438262958
0.960828670079771,1.00020743660219,1.0201599025356,0.991468886361981,1.01225735294118,0.99906073888541,0.996195929252128,1.02487723524507,1.0027716716047,1.00022715226774,0.997516638521903
1.01734820322181,1.0151915798206,0.98792633992548,0.995412429378531,0.97820586390832,1.00564086493262,0.999921266042044,1.00836233783845,1.02411361036981,1.00068130204391,1.00149372634933
0.999756394640682,1.00715015321757,1.01616802659414,0.989511203941245,1.00495049504951,0.996572140853848,1.0007874015748,0.991617357001972,0.998138669148441,0.987215371813299,1.00500480593948
1,1,1,1,1.02216748768473,1,1,1,1,1,1
0.991106237816764,0.991683569979716,1.00966542750929,1.00825972238155,1,0.99718574108818,0.998937844217152,0.990099905067583,1.0041958041958,0.993409961685824,1.00448519226964
0.992132759680393,0.989108202086316,0.986745213549337,0.997320514279213,0.954460240963856,0.995296331138288,1.00027566652227,0.987809332481052,0.987000928505107,1.00223696390003,0.992547114058704
1,1,1,1,0.998482710217848,1,1,1,1,1,1
1.00049560153636,1.00351548363749,0.999701492537313,1.00502541227205,1,1.00157529930687,1.00984251968504,1.01220244973423,0.994355597365945,0.986685138151312,1.01022129602064
1,1,1,1,1,1,1,1,1,0.999531981279251,1
0.997770897832817,0.999587862552161,0.997014034040012,0.98927294398093,0.988621997471555,0.999685435671595,1.0048343079922,1.0050687245993,0.999053926206244,1,1.00098231827112
0.997641802159613,1.00767922486213,1.00262054507338,1.00461847389558,1.00761636828645,1.00534927627439,1.01253200900132,0.999000454338937,1.01136363636364,1.00273138754487,1.00356558717697
0.998880318487186,1.00756955810147,1.01262041669778,1.00628194511864,1.0127469046495,0.998748043818466,0.997585929417174,1.00873203565581,0.999812734082397,1.00381352634446,1.00772515401415
1.00635197409391,0.99497461928934,1.00648967551622,0.999324650265316,1.01152882205514,1.00438733939204,0.998694015518169,0.996393146979261,1.0019666604233,0.997518995193053,1.00588691939449
0.991955445544555,0.996479771440233,0.998241500586166,0.994968367729405,1.00495787908821,1.0003120124805,0.997807692307692,0.993212669683258,0.992896532386204,0.998134618374009,0.995240851501704
1,1,1,1,1,1,1,1,1,0.992368789908114,1
0.991515907673113,0.997849682572189,0.991660305343511,0.990696347031963,0.978067115219144,0.995009357454772,0.994487915815441,0.995580865603645,0.989550974301045,1,0.996768982229402
0.985277463193658,0.997485890200103,1.006633418157,1.00373336406061,1.00176453536003,1.01034482758621,0.998875968992248,1.00581155905368,0.993816590563166,1,0.995948136142626
0.988505747126437,0.990175402499871,1.05808823529412,1.00161866167675,1.0228859727482,0.998758920260627,1.00116409918125,1.00545950864422,0.998851344883699,1.00502197112367,1.02291293734744
1,1,1,1,1,1,1,1,1,0.999609618988132,1
1.03346253229974,1.00519480519481,0.995830437804031,0.998280802292264,1.00368511685117,1.00062131096614,1.00724778109376,0.99027149321267,0.998370867273599,1,1.02612237105858
1.01900237529691,1.00335917312662,1.01702721563154,1.03214695752009,1.02173540066373,1.00465693883887,1.00177004771433,1.02846698652045,0.996160491457093,1.01835507302976,1.08477519379845
1.00049073733284,1.03342776203966,1.02909153286675,1.03781979977753,1.04709906780596,1.00772558714462,1.00061458093263,1.03771992180558,1.03179803430333,1.03313391624482,1.03275783215184
1,1,1,1,0.991981672394043,1,1,1,1,1,1
0.998773758430411,0.983851674641148,0.986132799216961,1.01982851018221,1,0.991413676786262,0.994971209213052,1.00184098985315,1.00429585356743,0.983667409057164,0.975006919457514
1.00417434008594,0.992502532928065,1.00067613252197,0.99474513925381,1.00300230946882,1.00216517166718,0.99259230680196,0.993632478632479,0.996931374372326,1.00339622641509,1.00176001362591
0.990341117496026,1.01418946508779,1.00849189189189,1.01688853671421,0.98319364494589,0.997839506172839,1.00925098145917,1.05350307513655,1.02201287193359,1.03181647235803,1.00019836209584
0.99,1,1,1,1,1,1,1,1,1,1
1,1.00050327126321,1.00365544484405,0.990664789581136,1.00468148786537,0.989792762140427,1.00496822645869,0.996938150642988,0.986401387241033,0.996646741507508,0.988213961922031
1,1,1,1,0.985948717948718,1,1,1,1,1,1
0.997381219603442,0.996579476861167,0.996512739448767,1.01347666491872,1,0.993125,1.00789453514218,0.995085995085995,0.996113989637306,0.998756582796957,0.997677752293578
1,1,1,1,0.988226170999499,1,1,1,1,1,1
0.985496374093523,0.980214011710075,0.994239013933548,0.979976199099705,1,0.989616110761485,0.984714828897338,0.995884773662551,0.977243172951886,0.983522519223727,0.982269605448432
1.00862725196651,0.992327497425335,1.01064546557068,1.019535374868,0.992602729238837,1.00254372019078,1.00200787705614,1.0200826446281,1.00380191996958,1.00766939687267,1.00810368029957
0.981509433962264,0.981007731825022,1.00533333333333,0.975660279647851,0.983352615087973,0.987947986045037,0.990366088631985,0.983796483836993,0.985228671527317,0.978570900761102,0.979453843698308
1.01243111623734,1.00502512562814,0.994960212201591,1.00312101910828,0.99255379381509,1.00064205457464,0.994046692607004,0.991311866919213,1.01854877462758,0.998263233406328,0.979496903795443
0.993924050632911,1.03757894736842,1.00175819781392,1.00365102546193,1.01245817436505,1.00064164260507,1.00187888988922,1.0279958463136,1.02472164559351,1.00756429652042,1.01929882936568
0.990830361691289,1.0211017550979,1.01155127149147,0.991174516812703,0.988753658536585,0.993908303943572,0.987771049033014,1.02044527051598,0.992081031307551,1.00412912912913,0.997507196486334
0.984575835475578,0.992051664182812,1.01289134438306,0.983516308163656,0.971905996462657,0.989354838709677,0.992801202436516,1.00178182538111,0.98737701874884,0.993271028037383,1.00255853390057
1,1,1,1,0.990357868020305,1,1,1,1,1,1
1.01436031331593,0.986379569354031,0.97012987012987,0.992396095292177,1,0.999347896967721,0.995219123505976,1.00790513833992,0.995487873660463,0.987203613097478,0.991394403394759
1.001287001287,1.04025789420246,1.00575635876841,1.03760783437512,1.01229878959818,1.00489396411093,0.999599679743795,1.01666666666667,1.00472143531634,1.02836446816622,1.00721362507109
0.992287917737789,1.0224488799961,1.01024890190337,1.02678571428571,1.02506329113924,1.00422077922078,0.996355626752102,0.995178399228544,0.980263157894737,1.01831393193446,0.995482912332838
1.00388601036269,0.988162856188249,0.98471673254282,0.997953964194373,0.965668066189182,0.995796960879405,1.00221069978697,0.979418604651163,0.995973154362416,0.990971312072229,0.979759985670786
1,1,1,1,0.987214801060872,1,1,1,1,1,1
1.00645161290323,1.03028546587451,0.995584693604496,1.00717580727832,1,1.00227272727273,1.00012031763857,1.01824369781155,0.989603388525222,1.00455547391624,1.01764168190128
1.00576923076923,1.0014064697609,0.990592662276576,1.00635114503817,0.980569948186528,1.00032393909945,1.00858162569676,1.00062184220754,1.00369649805447,1.00438853130486,0.992844097128656
0.987890376035691,1,1,1,0.997886393659181,1,1,1,1,1,1
1,0.98501872659176,0.981006647673314,0.977542124319841,1,0.990608808290155,0.993797463321538,0.98236619280665,0.982942430703625,1.00713661520536,0.971170084439083
1,1,1,1,0.998120201217898,1,1,1,1,1,1
0.988258064516129,1.02257604562738,0.975245470889227,0.999446476330397,1,0.999346191565871,0.998999799959992,0.983710264115135,0.984618418457898,1.00795372378886,1.00282573593342
0.975584279932106,0.967789914013479,0.969934770277935,0.980320910973085,0.984100374015226,0.982989859339221,0.985062074489387,0.991157556270096,0.964350090126177,0.975609756097561,0.96460752438458
0.987687366167024,1.00134473153395,1.0450717692157,1.02052819987539,1.00270622863858,1.00732113144759,1.00418750254096,1.03690186536902,1.04922118380062,0.998897058823529,1.02092963533641
0.988482384823848,0.976067146282974,0.994646257066395,0.989719896940285,1.02043010752688,1.00561612157251,1,0.992960500586625,1.00247426761679,1.01435406698565,0.999874229656647
0.999588759424263,0.980295808559776,0.993670886075949,0.99054359928698,0.991530558482613,0.999671484888305,0.995748987854251,1.01614808979913,0.982426695626419,0.997895500725689,0.994748427672956
0.992868897421832,0.999498746867168,0.985845718329795,1.01111404295741,1.00694767326009,1.02924745317121,1.01642610286644,0.998449612403101,1.01095367299769,0.997672896516617,1.00537413460627
1.0128453038674,0.980190571715145,0.978750897343862,0.996262969999374,1.00263852242744,0.98786717752235,1.00880035201408,0.998136645962733,1.00298210735587,1.01355783949267,0.990504040499324
1,1,1,1,1.00526315789474,1,1,1,1,1,1
0.991408700395473,1.00025581990279,0.983004254070706,1.00752829002515,1,0.978345184227537,1.00912010785519,0.991754822650902,0.999207135777998,1.01776339446242,0.996444557315641
1,1,1,1,0.990337696335078,1,1,1,1,1,1
0.994360385144429,1.01749360613811,1.01699113882116,1.01743995590613,1,0.993062438057483,1.00074659122166,1.03176470588235,0.996726839912716,1.02678066704353,1.03937685176336
0.972471987826809,0.994369595817414,0.995666911225239,0.995988163805571,0.989667176831638,0.987358616101131,0.987553007695932,1.00722158874953,0.980296546920092,1.06510219530659,0.979586206896552
0.995732574679943,1.05182002022245,0.96971322546559,1.0226491384707,0.961538461538462,0.995619946091644,0.982664705180708,1.03479245283019,0.986701857679423,1.00187374814241,1.03276072467849
1.01785714285714,1.00600817111271,1.04221910163588,1.00652784746613,1.02638888888889,1.00947546531303,1.00946793445276,0.992524250601706,1.03230452674897,0.990713272281697,1.00215112403805
1.02708771929825,1.00673674151935,1.01972072513474,1.01596203408757,1.02570771312585,1.01575595038552,0.991021684235841,0.998199654627623,1.01754036276659,1.01646920973832,1.00462557063821
1,1,1,1,0.99736410914013,1,1,1,1,1,1
1.01667122164526,0.994162593137487,1.004004004004,0.996059920609608,1,0.995214521452145,0.99737108190091,0.987926972909305,0.978354554358472,0.970156900416266,0.998134216069817
1,1,1,1,0.994708994708995,1,1,1,1,1,1
1.00268817204301,1.01202978804659,1.01623700327589,0.993596059113301,1,0.983617973802023,0.989051094890511,1.00801043219076,0.996095705275803,0.99207868506172,1.0049143753015
0.988069705093834,1.0072641509434,0.995234758234057,1.00892414476946,1.02420212765957,1.0013148578942,1.00615006150062,0.994270929587877,1.02502512562814,1.01603566438219,0.989469262848399
1.00596933930267,0.997002903437295,1.00408393184059,1.00692874692875,0.995222020254479,0.993265993265993,1.01136919315403,0.991412639405204,0.983723894499461,0.999214145383104,1.00536688902365
1.00633850303439,1.00573038985439,1.00953716690042,1.00800351373774,1.01163700881908,1.0055593220339,1.00688988275112,1.01053657804942,1.01215987242101,1.00950321143007,1.00174925355129
1,1,1,1,1,0.997404261057173,1,1,1,1,1
0.993165371214152,1,1,1,1,1,1,1,1,1,1
1,1,1,1,1.00845971319509,1,1,1,1,1,1
1,1.00303568092658,0.988607946651848,0.988671023965141,1,1,1.01920768307323,0.979554730983302,1.01339241752831,1.01298448354217,0.995935571278037
0.994467683173661,0.96824509940867,0.966835300730748,0.971304049752706,0.975703324808184,0.990029404806165,0.995288574793875,0.960983370582219,0.969487902050335,0.963212202781516,0.97714631197098
1.00583446404342,1.00553017552296,0.98343023255814,1.00403327451475,0.992372214941022,0.995527789157449,0.994832347140039,1.00023650912531,0.989776485917611,0.960742564375541,1.00442395743101
1,1,1,1,1.00372434559814,1,1,1,1,1,1
1.01173613921489,1.03419416547107,1.0251256281407,0.991915641476274,1,0.990809643016357,0.999643126214362,1.00807881773399,0.983291139240506,1.00380912805596,0.987987802999969
1,1,1,1,0.978947368421053,1,1,1,1,1,1
1.0212,1.00578034682081,1.01153402537486,0.975852991799129,1,0.96822759838023,0.982625942086473,0.977716966379984,0.978372811534501,0.962467227818408,0.96140536833245
1,1,1,1,0.979838709677419,1,1,1,1,1,1
1.02480741611176,1.01981609195402,0.997006841505131,1.00368314571769,1,0.994244861483467,0.996649442919425,1.00879648140744,0.994421052631579,1.03763440860215,0.978955219040825
0.97439164224742,1.01397592534151,1.02430307362402,1.02801323134174,1.00680384087792,1.00503343639894,1.00441492162502,1.01862861672612,1.03937758018419,1.01416234887737,1.00198741305068
0.978033472803347,1,1,1,1,1,1,1,1,1,1
1,0.996398559423769,0.996510816468946,1.01156359979889,1.02733118971061,0.998604850826358,1.00129042664731,0.995447470817121,1.02006314288624,0.989986376021798,0.971074380165289
1,1,1,1,1,1.02453877843453,1,1,1,1,1
0.992112299465241,0.992235609103079,1.00840336134454,1,1.02755895069096,1,1.00930326218284,1.00418246491811,1.00379392971246,1.02711071354848,1.01368510638298
0.987198490769438,0.990825688073394,0.986805555555556,0.97962226640159,1.00668559628291,1.00178321678322,1.00275328199194,1.00622810432075,0.997612890391884,1.00321564949421,0.994727474225073
1.01692601692602,1.01443355119826,1.018296973962,1.02298325722983,1.01900048719198,1.02963247356113,0.999005173099881,1.02506769825919,1.00797607178465,1.01168614357262,1.02653612424038
1,1,1,1,1,1.00003389830508,1,1,1,1,1
0.989127516778524,1.00357941834452,1.0077401520387,1.017209740614,1.00150981378963,1,1.00370444134635,1.01592573024379,1.03946587537092,0.994389438943894,1.00180885351575
0.994707558691817,0.993357111012037,1.02797970100123,0.9977084349098,1.00474874371859,1.00674553404969,1.02658941185808,0.995505200594354,1.01760395851175,1.00564221705941,0.997669150717311
1.00136425648022,1.01207306673848,1.00800533689126,0.99081268631188,0.997899422341144,1.00771043771044,1.00204886346065,1.01011231762379,0.993360763044698,0.997491749174917,0.996906877262257
0.983651226158038,0.993392461197339,0.983719391131701,0.983970406905056,0.983636135822579,0.992315145845167,0.987654797268624,0.975249353527891,1.00028240609997,0.978957120169402,0.986499867969369
0.998614958448753,1.02370429891523,1.01103336921421,1.0187969924812,1.01518393967186,0.993972861039092,1.0159759384399,1.00128787878788,1.00630528891398,1.00682709206435,1.01281493625991
1,1,1,1,0.999648664926722,1,1,1,1,1,1
1.01470180305132,0.998997034711321,0.993212669683258,1.00009840098401,1,1.0009485094851,0.99761630142253,0.983543920708179,0.997381464509492,0.998791540785498,1.01803766105055
0.991798797156917,1.02623423108822,1.02787082942516,1.01195454321838,1.00010041672943,1.00697170705293,1.00836287960536,1.01503903996308,1.01940928270042,1.0082677959266,1.0110007788162
1.00206725468578,1.01105912377712,1.01916308173641,1.0014098201264,0.991766654952558,0.996840760906097,0.995222625644946,1.01098901098901,0.99733259749816,1.006,1.00308136735676
0.998487140695915,1.00429112326462,0.988871834228703,0.995242487499393,0.984535560617565,1.00472016183412,0.997350230414746,1.00262368815592,0.985428386977774,0.989065606361829,1.02300726376756
1.0030303030303,1.00284852546917,1.00258698745311,1.00970684356861,0.995398339288928,1.01241610738255,1.00038504485773,1.00934579439252,1.01066916237716,0.997185929648241,0.999124178917735
1,1,1,1,1,1,1,1,1,0.991601155680978,1
0.996978851963746,0.994152046783626,0.98684040768933,0.983188405797102,0.991993801652892,0.994000662910176,0.997652130402987,0.988814814814815,0.990647282155755,1,0.985536284515685
1,1,1,1,0.994923197084093,1,1,1,1,1,1
1.00578512396694,1.0218487394958,0.994770558242908,1.00584709119497,1,1.00690253092801,1.00694444444444,0.994980897445501,1.01981678818471,0.999119121832226,1.00142947903431
0.993974253629143,1.00328947368421,1.00078853988698,0.990474329539348,1.00442234724585,0.993509074049543,0.990153256704981,0.992696882999548,0.994317140238313,0.995591726008817,0.995717684377478
0.993386607880959,0.965450819672131,0.992777413000657,0.976523969224699,1.00119841600667,0.9637,0.984792787215107,0.96833522942738,0.966814159292035,0.95783378746594,0.969767441860465
1.00138696255201,0.997877488644564,1.02804232804233,1.00611111111111,0.991204787926099,1.00307841306077,1.00943025540275,0.989817897004112,1.01344393592677,0.998222032572363,0.998718833152656
1,1,1,1,0.989840386432847,1,1,1,1,1,1
1.00678670360111,0.973624877696005,0.986618630983016,0.979468902163546,1,0.986206896551724,0.989723627870767,0.967992087042532,1.00131715119014,0.989526930749501,0.974212222880074
1,1,1,1,1,1.00486013986014,1,1,1,1,1
0.997386160407209,0.994450998383362,1.00482524778299,1.00707257072571,0.998408699111524,1,1.01038307244553,1.01238453363852,0.995208118011839,1.00295197638419,0.993449929097171
0.939586206896552,0.961818980667838,0.955223880597015,0.966870229007634,1.00666755213176,0.956922648665577,0.977773452705333,0.962856796802455,0.947318731117825,0.978320172290021,0.964518760195759
1.02994715208456,1.03097163217761,1.01548913043478,1.02631717458814,0.968967701076631,1.00727246281953,1.00521517576337,1.04775881588327,1.01265696631453,1.0157763428236,1.02293868921776
1.01624857468643,1.02135672825557,1.02943537597003,1.01184676137238,0.980392156862745,1.01079383415761,1.00744554455446,1.01728829838322,1.01210510776498,1.04746081051795,1.0320002755675
1,1,1,1,1.00422222222222,1,1,1,1,1,1
0.985974754558205,1.01947854756844,0.996880686249025,0.990319310694374,1,0.997071428571429,1.00440286186021,0.989417781274587,0.998249708284714,1.01034482758621,0.992690253671562
0.997724039829303,1.00804255319149,1.00391134289439,1.0001023593838,1.02898871431733,1.00257898130239,1.00583170254403,1.00075543715956,1.01227352425482,1.0122866894198,0.999293904038196
0.982321072141431,0.987378107982608,0.978311688311688,0.992579704211657,1.00887096774194,0.988281529117542,0.991750651776334,0.978903456495828,0.979888375673595,0.989143627781524,0.991991924629879
0.990856313497823,0.992475416844806,1.01938138855702,0.988863683233656,0.98587796429523,0.994143590485142,0.99937222897948,1.00507325784326,0.996759304723559,0.963937555388915,0.996540261854691
0.983155119378937,0.998966141121737,0.992967834353431,0.990615224191867,0.976675675675676,0.989163636363636,0.993090180990146,0.980455499919238,0.986896551724138,0.975884016973126,0.997447243022464
1,1,1,1,1,0.999926475994412,1,1,1,1,1
1,1,1,1,1.02006253977917,1,1,1,1,1,1
1.02651966626937,1,1,1.00210526315789,1,1,1.00324174738091,1.01894563426689,1.00968353798542,1.0036959199942,0.998771540692714
0.994484760522496,0.999482535575679,1.00406557377049,0.995325630252101,0.989257229667408,1.00183823529412,1.00788115222446,0.98464025869038,0.988728495155231,0.992851985559567,0.980559636475452
0.980735551663748,0.956251617913539,0.94435736677116,0.985699963062635,0.979021554324576,0.988990825688073,0.987215076044884,0.970853858784893,0.977,0.970620318522289,0.97411149825784
0.97172619047619,1,1,1,1,1,1,1,1,1,1
1,0.958491247067316,0.991701244813278,0.978961456102784,0.995742416178819,0.99443413729128,0.984950495049505,0.984778012684989,0.986693961105425,1.00059938562973,0.995385771005473
0.995252679938744,0.982865750329505,0.987587168758717,0.987969595887789,0.996314945568089,1.00746268656716,1.00410132689988,0.980249033920137,0.991804979253112,0.978435043055035,0.991519333045853
1.03092783505155,1.01379310344828,1.02075977969213,1.03143853434438,1.04748997684793,1.02155555555556,1.0136552939292,1.03254489706526,1.02708921660914,1.01017831177776,1.00753841693244
1.00298507462687,1.01095993953137,1.01895406751522,0.967695197209552,1,0.990211007178595,1.00462213092087,1.00322402748908,0.991344195519348,0.984924242424242,1.00514388489209
1.02380952380952,0.981308411214953,0.973251866938221,0.985692896356679,1.01377358490566,0.995899238429994,0.958867479355092,0.987737325045456,0.994144838212635,0.995846473348204,0.99846115306159
1.00726744186047,0.967238095238095,1.01911272321429,0.969789029535865,0.982691233947515,0.984558823529412,0.977485236220472,0.989982447878762,0.999173382930358,0.962230632578976,0.96921146953405
0.985569985569986,0.989956675856636,0.997809719370294,1.00556909154194,0.99025974025974,0.983943241224794,0.995972309628697,0.996583783783784,1.01334022750776,0.996628672339059,0.987352538737473
1.000439238653,0.987119554406207,0.983674029359309,1.00317295488635,1.00084699453552,0.97157495256167,1.01381692573402,1.00013017443374,0.999183590162261,0.978576030927835,0.976927974830518
1.01200058539441,1.00005038037181,0.976150627615063,1.00178273621255,0.999426715077393,0.994140853872896,0.989612332239166,0.990932361490737,0.98120723113063,1.00477366255144,1.00256872292298
1.00506146059291,1.02191435768262,1.01371624517788,1.00166475315729,1.00969680415187,1.00161093866646,1.00289709031364,0.996803852889667,1.01144998438638,0.999754259501966,1.01908221797323
0.998561151079137,1,1,1,1.00711483836061,1,1,1,1,1,1
1,0.992654670939118,1.01451726568006,1.00120350736432,1,1.00753177467441,0.997697395964163,1.01019018755216,0.993413605022126,1.00155673904138,1.00870576757102
0.990345821325648,0.977850615812475,0.973881633787163,0.979507727532914,0.996373697217148,0.987774489954836,0.990348705467668,0.989173442323579,0.973790531441003,0.984620418848168,0.988393288940144
0.969009166302924,0.966480446927374,0.98416547788873,0.995149602618046,0.98398619685655,0.980134016554986,0.984365069276725,0.977186813186813,0.975,0.972083748753739,0.989875418721066
1.01696696696697,1,1,1,1,1.00675621330331,1,1,1,1,1
1,1.02732527588019,1.018988259168,1.01004169358154,1.0000273980109,1,0.999956955922865,1.02487517430615,1.0214948172395,1.01273504273504,1.01007604562738
1,1,1,1,1.0247397260274,1,1,1,1,1,1
1.017865052414,1.00649616368286,1.00839260312945,1.0171511627907,1,1.00906766797156,0.999440402909905,1.01698560393258,1.01741080965606,1.00430416068867,1.00922266139657
1.00246591238758,0.991004726330233,0.991818310057836,0.98793941126036,1.03467636285859,0.977198052333637,0.99315186493238,0.99995684260498,1.00472440944882,0.99436974789916,0.978739276389407
1.01432498914774,1.03497435897436,1.0126582278481,1.01677852348993,0.997416020671835,1.01478630747417,1.01257643436402,1.03819594302978,1.01462904911181,1.02890222259782,1.01375762195122
1.03651925820257,1.01025666435438,1.00449438202247,0.997496301354273,1.00518134715026,1.00315369261477,1.0014133367596,1.00478071087092,1.00308959835221,1.00501026694045,1.00116536972294
1.00151390035783,1.00063759870518,0.978887024608501,1.05533371363377,1.01288659793814,1.0187432846512,1.00714224617227,1.00186181216384,1.00195071868583,1.01340307289964,1.00108891559027
0.97911227154047,0.997353200666601,1.00499928581631,0.955945945945946,0.992366412213741,1.0006640625,0.998768525202769,0.988271732397274,0.991187621682549,1.0008064516129,1.00978958028581
1.01263157894737,1,1,1,1,1,1,1,1,1,1
1,1,1,1,1.00205128205128,1,1,1,1,1,1
1,0.991153921761353,0.997725980670836,1.00932994062765,1,0.980911113713549,1.00233843537415,0.999164263925452,1.00186084978807,1.00725221595488,1.00846891018498
1,1,1,1,1,1,1,1,1,0.9924,1
0.984060984060984,0.974563665212217,0.984188034188034,0.977310924369748,0.982676560900716,1.01078478191659,0.990243902439024,0.98448412864372,0.980497368692602,1,0.977900552486188
0.998169014084507,0.997049096921903,0.990013026487191,1.00831183720264,0.992083951774601,1.03448954683255,1.0031698436496,1.00909090909091,1.0092612081667,1.00967351874244,1.00003766478343
1,1,1,1,0.996535342134964,1,1,1,1,1,1
1.00592634401016,1,1,1,1,1,1,1,1,1,1
1,1.04439455018625,1.01856725146199,1.02092097782831,1,1.00129400570885,1.00512404457919,1.02386966405658,1.0036496350365,1.01157684630739,1.01028209860269
1.00364707532613,1.01192162994088,1.00488014927515,0.995656531907785,0.999973661337477,0.995894940894751,0.999405242363737,1.01591217466387,0.996363636363636,0.998500394632991,0.998359677900388
1.00461215932914,1.02322437352132,1.00414226539066,1.00671140939597,1.00616340936628,1.00374031525514,1.02767268862912,1.01586530678323,1.03461939520334,1.01667852343688,1.01445108289769
0.994991652754591,0.987212155530389,1.01209103840683,0.991722222222222,1.01178010471204,0.988630746416214,0.99536730641959,0.989601593625498,0.983168715984681,0.997745296221427,1.00268708359407
1,1,1,1,1,1.01615384615385,1,1,1,1,1
0.996923937360179,0.995363510348454,0.990161630358398,0.992605456276959,1.00711513583441,1,1.00565159574468,0.999637666572728,1.00153767298821,0.996960960024936,1.0007342143906
0.990182328190743,0.989243180945063,0.997870830376153,1.00118516846323,1.01032755298651,0.992581377744133,0.987603305785124,0.991018928715264,1,0.975222760669064,1.00641966250917
0.997167138810199,0.993203883495146,0.997581792318634,0.999436302142052,0.999033742721286,0.98764490543014,0.990167364016737,1.00784329662291,0.992528147389969,0.985733750100184,0.99872425733552
0.989630681818182,1,1,1,1,0.984555984555985,1,1,1,1,1
1,0.981427174975562,1.00099814629973,0.981387478849408,0.986459314311894,1,0.988590745827171,0.971491935483871,0.983087552851397,1.00008130742337,1.01375912408759
0.997416391560212,1,1,1,1,1,1,1,1,1,1
1,0.991035856573705,0.983048433048433,0.998793103448276,0.984157700544418,0.984274509803922,0.995939303269929,0.984103266508945,0.994020769956992,0.991463414634146,0.982287504050113
1.0051806015254,1,1,1,1,1,1,1,1,1,1
1,1,1,1,1,1,1,1,1,1.00131201312013,1
1,1.00979899497487,1.00260831763513,1.00005754071005,0.996775292976431,1.02394517709869,0.995793991416309,0.991185153943484,1.01361333896159,1,0.998204141469672
1,1,1,1,1,1,1,1,1,1.0040946687413,1
0.996420901932713,1.00791241602389,1.01748807631161,1.00920598388953,1.00870594423987,1.01186770428016,0.998060512024825,0.995276796732054,0.996772514315461,1,1.00051402555441
0.977155172413793,0.967463217142293,0.998011363636364,0.980615735461802,0.986154207191468,0.96596808306095,0.989333678801226,0.980846515604959,0.983810319615626,0.991110023652231,0.987155963302752
1.01279223643582,1,1,1,1,1,1,1,1,1,1
1,1.01668793059454,1.01551380586393,1.01505813953488,0.999471179270227,1.00366242038217,1.00742034046268,1.01041757475373,1.03142584138444,1.03299868334431,1.02003717472119
0.987224157955865,0.985292641301074,0.998878766643308,1.00034366229452,0.992751322751323,0.991551642075202,0.992157712305026,0.987705448427592,0.9937210499228,1.00390344937465,0.994897773242465
1,1,1,1,1,1.0085603424137,1,1,1,1,1
1,1.01406082836619,1.02651887189561,1.00887489264243,1.00778127165166,1,0.997860168566313,1.02332285115304,1.02703542573027,1.00222186954452,1.00794900912121
1.01470588235294,1.01235870384326,0.999179879715692,0.997162315550511,1.00481252313713,1.00539404275572,1.00039387308534,1.00917626973965,1.00322743318205,1.01987331749802,1.00486989387992
1.0036231884058,1,1,1,1,1,1,1,1,1,1
1,1.0117115775892,0.997948016415869,1.01155378486056,0.989447368421052,0.986192749220876,1.00638698105779,0.998519771621907,1.00532823967025,1.01933079729835,0.997142857142857
1,1.0055427478295,1.00795065113091,1.00883362403646,1.05457591957233,1.0064402576103,1.04868506846338,0.996569250317662,1.045,1.00533130236101,1.02600558557905
1.03841155234657,1.00117073170732,1.00611995104039,1.00607919687674,1.00630501122292,0.999602543720191,1.00236269430052,1.00981767180926,1.00210526315789,0.992272727272727,1.00183823529412
0.985815602836879,0.992009354901579,1.01203027845364,1.00044348356339,0.991002731761109,1.02127236580517,1.00893226366719,1.00193602693603,0.995989304812834,1.00626049778592,0.993260409315455
1.00098744533785,0.989980353634578,1.00053425938293,0.991743780129661,1.01132972535532,0.997274673934203,0.993524059349127,0.989666470637654,1.00057526366251,0.997723823975721,0.997904010799673
1.00704622322435,1.03046239333201,1.00720865038046,1.02665102246061,1.01952988247062,1.0155377708374,1.00643564356436,1.02559422750424,1.03123802223074,1.02030418250951,1.02969028123888
1,1,1,1,0.987221309263938,1,1,1,1,1,1
1.00405821438567,0.989118921521425,0.993903247183565,0.994340136054422,1,1.01872140852651,0.990941137891458,0.989694988205107,0.978163910053893,1.00588805247075,0.999550546259162
0.988292682926829,0.982963395638629,1.00573409787972,0.987302282305293,0.986062111801242,0.987509433962264,0.983247156153051,0.985740570377185,0.973306735062221,0.981031416716064,0.971913804434298
1,1,1,1,1,0.987810004203447,1,1,1,1,1
0.993089832181639,0.998266811924334,1.01193317422434,1.00249459504407,1.00597142785155,1,1.00534286916281,1.0008484282866,1.00087839156744,1.00755287009063,0.99138759386455
0.998153933541608,1,1,1,1,1,1,1,1,1,1
1,1,1,1,0.999323748935531,1,1,1,1,1,1
1,1.00674636638722,0.993055555555556,1.0075204600752,1,1.00576402321083,1.0000836925137,0.999957614546688,1.01306679668454,1.00089955022489,1.00944107405679
1,1,1,1,1,0.996192161236971,1,1,1,1,1
1,1,1,1,0.995638988445826,1,1,1,1,1,1
0.997012377294067,0.990391722099039,0.997493072964771,1.00823271130626,1,1,1.00041842754927,0.997456765005087,1.00404273751083,1.03505092869982,0.995590327169274
1,1,1,1,1,0.993861003861004,1,1,1,1,1
1,1,1,1,1,1,1,1,1,0.996816208393632,1
0.99158105022831,1.00298507462687,0.998677248677249,1.00059880239521,0.994235368156073,1,0.998996193901878,0.994390617032127,1.01102482983415,1,0.991284469209887
1,1,1,1,1,1,1,1,1,0.992595818815331,1
0.989207080155418,0.981894841269841,0.993377483443708,0.984712474838148,0.990910471946526,0.981702342566334,1.00004186728072,0.979700854700855,0.960553764460459,1,0.994522917267224
1.00625545533896,1,1,1,1,1,1,1,1,1,1
1,1.0098509724678,1.00786666666667,1.00889502762431,1.02304724429568,1.00288880094974,1.00351670434564,1.01199563794984,1.01026653504442,0.999341816586222,1.00572463768116
1.00187942749747,1.00200100050025,0.998809366318296,0.998302393078145,0.986038612352956,1.01436294045693,0.998414685022945,1.01163793103448,0.995700605823725,1.00256128796195,1.00151307731105
1,1,1,1,1,1.00431789006885,1,1,1,1,1
1.00505050505051,1.01697453819271,1.00529801324503,1.02687877125617,0.993743667679838,1,1.00271602874812,1.01086493395824,1.01108930323847,1.01715328467153,1.00467625899281
1.00531227566403,0.995090819833088,0.992094861660079,1.00160256410256,1.00706038284098,1.03025021302967,1.00433387506772,1.01871443624868,0.988061729593322,0.990383925367779,1.01686358754028
0.998571836618109,1,1,1,1,0.985037031467348,1,1,1,1,1
1,0.992649235323138,0.996547144754316,1.0016,0.99916476841306,1,1.01116136259906,1.00293764739956,1.00805500982318,0.992899065285124,1.00207739164114
1.01587528604119,1.00094428706327,0.994536247334755,0.996485623003195,1.00311573827798,0.999961833517805,1.00110791957325,0.99496699669967,0.996004677450789,1.00926804349413,0.993359100491919
0.992538364071519,0.992452830188679,0.987538523382018,0.986641017420113,1.00757575757576,0.987099236641221,0.992826986924622,0.984949000746331,0.9942275706878,0.993420101229212,0.988256517279191
0.993617021276596,1,1,1,1,1,1,1,1,1,1
1,1.0111066639984,0.99932157394844,1.0066616117851,0.988045112781955,1.00139200371201,1.00280736520519,1.00854556935382,1.01003739421374,1.00356648955528,1.0165002326497
1.00042826552463,0.98683819891143,1.00488798370672,0.994243288319793,1.00322146970043,0.991234844389528,0.99011939069576,0.984222389181067,0.991328916601715,1.01095155207427,0.977852112676056
1.00927511415525,1,1,1,1,1,1,1,1,1,1
1,1,1,1,1,1.01281601807487,1,1,1,1,1
1,1.01328720417168,1.00891771382246,1.00649350649351,1.01264222503161,1,1.00623700623701,1.01569126378287,1.00982800982801,1.00437621063204,1.01537575168341
0.999575851830906,1,1,1,1,0.998038461538461,1,1,1,1,1
1,0.992181701222228,0.994375251104861,0.986559139784946,0.983720349563046,1,0.99702479338843,0.98705636743215,0.997274939172749,0.984285714285714,0.994928718348819
1,1,1,1,1,0.976916258815369,1,1,1,1,1
0.968599717114569,0.962545508952172,0.977643097643098,0.97275204359673,0.969516219097416,1,0.964025198938992,0.974957698815567,0.970723138479555,0.943831640058055,0.957048654428801
0.966851635514018,1,1,1,1,1,1,1,1,1,1
1,0.968911917098446,0.982228957156633,0.974789915966386,0.973846113569129,0.971005917159763,0.998925193465176,0.975746268656716,0.991253644314869,0.968783638320775,0.988938547486033
0.974173085636611,0.972192513368984,0.991023842917251,0.982816091954023,0.97462229152105,0.962827544180378,0.982139014417904,0.975454666725955,0.97210953346856,0.984603174603175,0.977215380559635
0.928682170542636,1,1,1,1,1,1,1,1,1,1
1,0.934543454345434,0.950608547976224,0.975966317759195,0.951619131682021,0.89915611814346,0.96603856266433,0.945890504626886,0.936463223787167,0.944704175399001,0.955757669184523
0.978297161936561,1,1,1,1,1,1,1,1,1,1
1,0.98116539140671,0.966056275122823,1.0035350509287,1.02550724637681,0.957297043641483,1.00022680880018,0.992771084337349,1.02005347593583,1.01962457337884,0.957177419354839
0.957508532423208,0.946010797840432,1.01849283402681,0.949310406591438,0.943103448275862,0.949019607843137,0.947845804988662,0.951116504854369,0.930100480559196,0.99163179916318,0.952776139523128
1.01407948672251,1,1,1,0.938052566907424,1,1,1,1,1,1
1,1.04622701331642,0.977454985625662,1.01572327044025,1,0.975309917355372,1.01052631578947,0.990149543204205,0.98309065288868,1.01274261603376,0.976743157801653
1.01915641476274,1.02733498999939,1.04179566563468,1.00291021671827,1.02555910543131,1.04067365745154,1.01799242424242,1.04381443298969,1.0212613473483,1.03349720856595,1.01453080439998
1,1,1,1,1,1.05562340966921,1.01674418604651,1,1,1,1
1.0139679255044,1.02896755162242,1.01084695393759,1.02920293881583,1.04797507788162,1,1,1.03120987654321,1.02994152046784,1.03208901072321,1.06139568088524
0.967517006802721,0.981021730405367,0.974864030574746,0.976604679064187,0.972116527942925,1.00525478474666,0.994190301921318,0.990805478402452,0.981717011128776,0.989688305601125,0.981587354968892
1.01546844788188,1,1,1,1.03357592807779,1,1,1,1,1,1
1,1.02571595558153,1.0102533172497,1.01529484029484,1,1.07615576443507,1.01242350342797,1.02155630739488,1.00694042799306,1.02162759491673,1.03182012847966
0.961571750043275,0.966666666666667,0.968059701492537,0.987355556899994,0.931597633136095,0.948707664884135,0.94532563741308,0.959973504920515,0.937277426766226,0.95565170362358,0.948366745527747
0.959315931593159,0.99946949602122,1.00215849522048,0.998774509803921,1.0130843495935,0.991122175771525,1.00076923076923,0.98570724494825,0.965559504841279,0.967903630042849,0.994354238697536
0.973541002064177,0.996402453408823,0.996923076923077,0.997668711656442,1.02818181818182,0.99042654028436,1.01974442736357,1.0014,0.999365321147499,1.00968927497494,1.0325264084507
0.983037779491133,1.00100621485647,0.979938271604938,1.02816381748862,1.00204274520565,1.01832711264236,0.996372544400999,0.988615937687238,0.983614886320335,0.993381866313699,1.00302655697174
1,1,1,1,1,1.01123067525022,1,1,1,1,1
0.996078431372549,1.02589877010407,1.01984251968504,1.00837320574163,0.966104789143796,1,1.01593380614657,1.02272727272727,1.00723140495868,1.00991005996003,1.00505737356566
0.988385826771654,0.984322766570605,1.00138974675726,0.980308422301305,0.90904509952129,0.996747211895911,0.991203983804161,0.984938271604938,1.01153846153846,0.983837717489899,0.977292908791069
0.98725353515236,1.01182808291369,1.05319969159599,1.01645692158761,1.00176690687361,1.03962703962704,0.996619400882712,1.03334168964653,0.985931558935361,1.01584108624591,1.00363447559709
1.08533387129312,1.02853009259259,1.0393850658858,1.03505952380952,1.03071070378696,1.02596412556054,1.01517007443701,1.07229500242601,1.05026353001671,1.02788778877888,1.02638385928608
1.0092936802974,0.996905418331177,0.986476968587125,0.994134222784519,1.00895882964802,0.992176231478648,0.997772415073325,1.01402714932127,1.00550795593635,1.00176593353668,1.00575436827957
1.04732965009208,1.00507958008805,1.02984435242039,1.00607392838549,1.05919521117393,1.00660792951542,1.01683720930233,1.01740294511379,1.0338405356056,1.01850961538462,1.02317811651702
1,1,1,1,1,1,1,1,1,1.00975533002911,1
1.02004571830491,0.995900718778077,0.998336106489185,0.999310027598896,0.978461538461538,0.994310722100656,1.02762784740646,1.01754385964912,1.00188390439185,1,1.01730612244898
0.985519737976211,0.964195094446011,0.977638888888889,0.981875719217491,0.991207803876267,0.988776408450704,0.98553369536188,0.978663793103448,0.968386414384769,0.991819244253993,0.964572299791366
0.963792198705615,0.99187134502924,1.00454610029834,0.994901845883387,1.00942052444157,0.960160249276652,0.976875479878958,0.974631138515746,0.973300970873786,0.96865671641791,0.96626596231438
1,1,1,1,1,1,1,1,1,1.0017030248966,1
1,1,1,1,1.00381642667009,1,1,1,1,1,1
1.02232304900182,0.990153882436177,1.01583934379861,1.01431263988691,1,1.00788131664349,0.977853807388229,1.00411225089249,1.00311720698254,1,1.00361601377529
1,1,1,1,1,1.03173873045078,1,1,1,1,1
1.03674773655246,1.0361438609027,1.02519838507587,1.02798908309622,1.01437699680511,1,1.00893617021277,1.03082808280828,1.04002486016159,1.02979274611399,1.0348717508793
1,1,1,1,1,1.01065537226928,1,1,1,1.00149371069182,1
1.01232876712329,1.00568932819953,1.01982618142314,0.994181777099927,0.976377952755906,1,0.988893575144103,0.995677799607073,1.02270825863511,1,1.00924275707713
0.997970230040595,0.964514285714286,0.985619174434088,0.98125,0.977096774193548,0.975384886849883,0.988058003980665,0.971805665175831,0.972303377351876,0.978098751864354,0.964599589322382
1,1,1,1,1,0.972231016236263,1,1,1,1,1
0.948983050847458,0.980508323952841,1.0205349905431,0.998147075854082,0.962264773852757,1,0.973621103117506,0.983576230654695,0.957091346153846,1.01926163723917,0.974199591280654
1.00785854616896,0.991601208459215,1.0099285146942,0.991066248984801,1.00295056094967,0.990789412476159,0.999014778325123,0.9979815587871,1.00979530327766,0.994724409448819,1.01778690673892
0.994329257487152,1.01078544878435,0.996329794206318,1.01088738000468,1.03827865768139,1.04136344429316,0.998717948717948,0.991955872213284,0.995398582265887,0.994775587746378,1.01730430675426
1.01924790589913,1,1,1,1,1,1,1,1,1,1
1,1.00072341451652,1.01420865675569,1.0034742327736,1.03288086452293,1.00311091073039,1.01540436456996,1.00685820203893,1.01074462768616,0.998647250736055,1.05850075975013
1.00542052806435,0.990963855421687,0.936567648203399,0.995556837853433,1.01244019138756,0.99330306980089,0.996790819799669,0.979381443298969,1.00729295426452,0.999123505976096,1.01044740409921
1,1,1,1,1,0.991040723981901,1,1,1,1,1
0.994086956521739,0.993313069908815,0.951939058171745,1.00950559323016,0.978260869565217,1,0.997560975609756,0.98312969924812,0.98257454902442,0.980859717680836,1.01578531965272
1.00629811056683,1,1,1,1,1.01785225093599,1,1,1,1,1
1,1.01731946144431,1.00887530918085,1.01636332318999,1.00457326892109,1,1.01144254278729,1.02064910855122,1.02160609466717,1.01048865761444,1.02700077700078
1,1,1,1,1,1.00085228547078,1,1,1,1,1
0.988873435326843,0.989291944895627,0.997980963368907,0.998644220991978,0.991279815337266,1,0.997195900212725,0.980658455486349,0.999022004889975,0.994689411007403,0.990731984111973
1,1,1,1,1,1,1,1,1,0.954538100630966,1
0.922292545710267,0.928306476132563,0.95,0.902307953388392,0.948027166882277,0.918832915023306,0.930766993115485,0.923829990448902,0.903083700440529,1,0.934020618556701
0.932520015249714,0.990763788811739,0.967903863705507,0.963638643345245,0.972264865418074,0.956050924345154,0.9558287321596,0.951150168002068,0.948373983739837,0.945847457627119,0.989125991333497
1.01185609157809,1.02148760330579,1.004400440044,1.02504716674257,1.02670175438597,0.955102040816326,1.02452316076294,1.02065217391304,0.99157022431776,1.00913896604247,1.05182674822285
1,1,1,1,1.02713509449438,1,1,1,1,1,1
1.02989898989899,1.01618122977346,1.01908934439055,1.01948464077177,1,1.03888888888889,1.01590425531915,1.03194888178914,1.0478386167147,1.01802361715351,1.00597249508841
0.975480580619851,0.987388535031847,1.07784431137725,1.00684803585881,0.974280485776077,0.99249280131633,0.976595633279229,0.984984520123839,0.976347634763476,0.982033839176696,1.00550738223576
1,1,1,1,1.01277235161533,1,1,1,1,1,1
1.04263020309672,1.02444845826345,1.00299145299145,1.02256847832808,1,1.02491969744068,1.00096504396311,1.02886479124103,1.05211267605634,1.01953818827709,1.02152041331624
1.00771456123433,0.981676216862918,0.996023292146002,0.99020437779659,0.932560021580793,0.983319011272304,0.948741296197108,0.968839103869654,0.942971887550201,0.983885017421603,0.996311366315549
0.971674641148325,0.984733803720334,0.952516754598602,0.98009281875916,1.04758461093434,0.991980671361744,0.988313667927511,0.982709690981711,0.968199886428166,0.991500664010624,1.00946564885496
1,1,1,1,1,0.954967093330569,1,1,1,1,1
0.951546188694111,0.941831683168317,0.927245508982036,0.965732087227414,0.900628192737816,1,0.968410830572375,0.936253275576234,0.918621700879765,0.953924457540852,0.978486085904416
1,1,1,1,1,1.00325591491209,1,1,1,1,1
1.00993583109087,0.986997717684487,0.987407168227317,0.998129032258064,1.03303568006745,1,1.01793192945201,1.00502656080425,1.00223463687151,1.00140409997192,0.974419413424011
1.0225456036073,1.05269427510336,1.026814911707,1.0286342188611,1.0368762752736,1.01563176114236,1.06971084197717,1.05711849957374,1.0479375696767,1.02392970648719,1.01915374548915
1,1,1,1,1.03291709900175,1,1,1,1,1,1
1.01763880537182,1.00512547427278,1.01910828025478,1.01715470654769,1,1.01480534696703,1.03087757313109,1.03494623655914,1.03677811550152,1.00264743472704,0.981439688715953
1.02402993894032,1.02119205298013,0.9965625,1.03169209859764,0.993210710450656,1.01233272107059,0.999054125065686,1.03231168831169,1.03488712987394,1.01766366202313,1.01415374856282
1,1,1,1,1,0.979782270606532,1,1,1,0.991231994273955,1
0.990575110598192,0.992217898832685,0.992474129821261,0.996407185628743,0.952115230356084,1,0.978329476120345,0.966082930756844,0.992917847025496,1,1.00555121188428
1.01864077669903,1.05392156862745,0.992575039494471,1.01352163461538,0.994505494505494,1.01746031746032,1.01408602150538,1.03292009584332,1.05720399429387,1.0298763426302,1.00653137392116
1,1,1,1,1,1,1,1,1,0.990359333917616,1
0.98684712161647,0.980279069767442,1.03437848161706,0.988319003854136,0.98158379373849,0.981799271970879,0.978740324461881,0.982955118507312,1.01200917554986,1,0.983005021243723
1.0185435580452,1.03030303030303,1.02461917218034,1.02711783057355,1.02724202626642,1.00116525423729,1.02724662802665,1.02524112456392,1.07626666666667,1.02566371681416,1.00392927308448
1,1,1,1,1,1.0025923182732,1,1,1,1,1
0.986535179214868,0.984710794547464,0.97612254092206,0.97838785046729,1.0166203974284,1,0.970101244463193,0.978582866293034,0.979930624380575,0.996548748921484,0.962857142857143
0.99923106497501,1.00954043773773,1.02615384615385,1.03026865671642,1.05996909920592,1.0105535327951,0.99798880252215,1.00848844344447,0.988495575221239,1.0234632034632,1.0181293443356
1.00038476337053,1.00790611488573,0.978260869565217,0.989395607579533,0.962101694915254,1.00151428123858,0.999782135076253,0.990923841395396,1.03261286609541,1.03967515438626,0.984030023555715
0.979807692307692,0.996445642848388,1.01992337164751,0.99642731638749,0.993587485025721,0.98837330552659,1.00506646328176,1.00046052294939,1.00123854347288,1.02522375915378,0.992696879944821
1.00333660451423,1.0209717097171,0.988730277986476,1.02627402574502,1.04787234042553,1.00110777021681,1.02661390861293,1.0253682487725,1.01311232063335,1.01388888888889,1.01765643519843
1,1,1,1,1,1.01169775529561,1,1,1,1,1
1.0226917057903,1.02403469670502,1.00911854103343,1.01827033218786,1.06527918781726,1,1.01821541710665,1.04010375099761,1.02918192918193,1.00587084148728,1.01128559379895
0.969778117827085,0.990470588235294,0.949698795180723,0.98807581978739,0.989961561676038,0.9921875,0.989525537982888,0.993621714943411,0.97389963222209,0.996887159533074,0.991739475774424
1.00591715976331,1.05178762323316,0.986520773866159,1.00757101383275,1.04120270834002,0.998110236220472,1.00848923125295,1.03542642019402,1.01778535753441,1.00046838407494,1.03543969245555
1.0556862745098,1.04912478825522,1.00385790065906,0.993785310734463,1.01177304527383,1.00978226569896,1.01247077162899,1.0334218990351,1.0228605625374,0.997971285892634,1.01736473682175
1.06222139673106,0.995694294940797,0.981905524419536,1.00113700966458,1.00977794023577,1.02052083333333,0.995637670002566,1.0148849797023,0.999297917154224,0.995856137607506,1.0043336121037
0.988809232383284,0.968648648648649,0.973581213307241,0.998353208404316,0.993484162895928,0.984893334694294,0.999484536082474,0.968088888888889,0.958782201405152,1.00400408259402,0.992089326267979
0.963395225464191,0.975446428571429,0.95393634840871,0.989704794949093,0.970061334790794,0.971603274950772,0.98457968024755,0.968597924892113,0.942843185148999,0.982092586800125,0.987028346877265
0.976505139500734,1.0445652173913,1.01580333625988,1.01149425287356,0.99079754601227,1.02394666666667,1.0135666020638,1.03573798464309,1.02227979274611,1.00254797356477,1.02435159058405
0.982518796992481,1.00350512076236,1.01780466724287,1.00340909090909,0.98218234662286,1.00421896973801,0.997416020671835,1.00160168405638,1.0250886974151,1.01302517671353,1.00694313422135
1.0044002295772,1.00130982917644,1.01613451086957,1.02208380520951,1.00048247024767,1.00363070539419,1.02051813471503,1.03764791885594,1.02014833127318,1.034417875343,1.00524639310474
1.00761904761905,0.998800893879108,0.980277452782885,0.997229916897507,1.00459733161871,1.04392764857881,0.997918359057677,0.996477477874158,1.02047740215679,1.01061088373503,1.00018639328984
0.964083175803403,0.987503410641201,0.949701619778346,0.980388888888889,0.950492831541219,0.965346534653465,0.953904858814551,0.976624983429809,0.934457373545476,0.999775011249437,0.975102497204622
1.02058823529412,1.01188107869142,1.008078994614,1.0119000396668,0.979428302077371,1.02179487179487,0.992052909488506,1.00429825355171,1.02160101651842,1.00480084014703,1.04846724256555
0.991738712776177,1.00212986729288,0.983615316117542,0.971775774206193,1.00103128222757,1.01385194479297,0.999032258064516,0.984412307969545,1.00497512437811,1.00007465472191,0.997557418884433
1.02285935683843,0.995640326975477,0.99004164403404,0.991355961505215,1.00401785714286,0.990099500024751,1.02803788612636,1.00636126493067,0.991584158415842,1.01157061809495,1.01633592807806
0.96969696969697,1.01800766283525,0.96525237746891,1.01267220833576,0.979238635974963,0.989200539973001,0.998534261634298,1.00295588904047,1.00599101347978,1.01195483728138,1.01697231211794
1.01328125,1.00919404269047,0.956991284577491,0.999425980138913,0.987320991966469,1.00808693454637,1.01032765399738,1.01654953525278,0.989454094292804,1.00277109312331,1.00275793791104
0.983037779491133,1,1,1,1,1,1,1,1,1,1
1,0.980287693127331,1.03642843001386,1.0008615243237,0.992429334559734,1.00275758335422,0.976805728518057,0.982604817127565,1.00877742946708,0.969311322812886,1.00535966149506
1,1,1,1,1,0.9988,1,1,1,1,1
0.994901960784314,0.978315217391304,1.0116523400191,0.983530356937909,0.994225216554379,1,0.992297476759628,0.978120744439401,0.994779366065879,0.996698927151324,0.995019640852974
0.985415845486795,0.94300316649075,0.952039274924471,0.961491335550499,0.988490911046574,0.951141369643572,0.971573875802998,0.943939112678671,0.947769586405098,0.98908543470079,0.941170250264364
1,1,1,1,1,1.00526315789474,1,1,1,1,1
0.998,0.995581737849779,1.0178500595002,1.00188118211057,1.00841494377947,1,1.03250867816409,1.00727630285152,1.00435069215557,1.01522070015221,1.00906333096139
1.00200400801603,0.992307692307692,1.01617303195635,1.00484554815263,1.01424357959859,1.0061780104712,1.05437856876034,1.00566185083952,1.00761354686269,1.00622188905547,0.993913075752515
1,0.989862850327967,0.987727708533078,0.984327908378541,0.981346194765586,1.00010406910188,0.985575463103553,0.99009900990099,0.986321000521105,1.00283096178202,1.00369692669629
1,1,1,1,1,1.00306971904266,1,1,1,1.00980610652998,1
0.995,1.00168674698795,1.00349446709377,1.00722596448255,0.981136166522116,1,1.01936013968058,1.01348039215686,1.03817197199841,1,0.999888384552422
1.01909547738693,1.03427952850613,1.03540336622171,1.04188959143969,1.05966850828729,1.04134031848125,1.05188916876574,1.04691656590085,1.05496183206107,1.02251158684617,1.05592558139535
0.986193293885601,0.993662053727178,0.973467862481315,0.987337340257922,1.00444907890163,0.991233313409045,0.984913793103448,0.997967197967198,0.995899662325133,0.997913518958198,0.983825498625696
1.0086,1.02346538709111,1.04241842610365,1.0177304964539,1.03294345629455,1.03969849246231,1.02927303671286,1.03296143697051,1.060184063938,1.01009372746936,1.05609083419893
1.00634542930795,1.03767867352773,1.0138096114896,0.989547038327526,0.962814070351759,1.02614789753504,1.00651958236878,0.995563124635862,1.0017133066819,0.99214846538187,1.01170086484653
0.996650246305419,1.01118518926663,0.983472575372321,1.00058685446009,0.970076548364649,1.00560501153973,0.975592583900493,1.00297109930674,1.02052451539339,1.00395683453237,0.986188400938652
1,1,1,1,1,1.00093676814988,1,1,1,1,1
0.999406880189798,1.00588491717524,1.02326869806094,1.01407624633431,1.01721664275466,1,1.00697618474862,1.00704667863555,1.00469273743017,0.993837334288785,0.9993881297165
0.969337289812068,0.951083423618635,0.963724959393611,0.968478889531521,0.983603667136812,0.959288722508189,0.974104156712852,0.958327762178544,0.95529359430605,0.990193957747495,0.962585034013605
1,1,1,1,1.00519806416921,1,1,1,1,1,1
0.999183673469388,0.995044711511078,1.00374531835206,0.990146312332039,1,0.987707317073171,0.99489896017265,1.01525439494001,0.992433061699651,1.0047331245904,0.990459363957597
0.994076797385621,1.01431024613623,0.996641791044776,1.01911942098914,1.00424393723253,0.996641643619123,0.996795503845395,1.00096197892808,1.00879765395894,1.00891433541093,0.998822689975027
0.968563797000205,0.961907449209932,0.945526020217147,0.955790968811031,0.968074150360453,0.971357779980179,0.95954300410505,0.953457507665553,0.956511627906977,0.990805258242942,0.948994535128764
0.973695375477302,0.964623056614843,0.940407840031677,0.983095975232198,0.956016140865737,0.979338842975207,0.976753775578578,0.96102524719209,0.972039873571602,0.988037410280577,0.959765139824608
1.00087145969499,1.01484004379029,1.05242105263158,1.0222964036027,1.01692183722804,0.997551700786581,1.00949868073879,1.03710917990211,1.03451725862931,0.987305547402407,1.01070588235294
1,1,1,1,1,1,1,1,1,1.0001486436269,1
0.988463212886373,0.988253625794079,0.995399079815963,0.989464604768653,1.03539355520338,1.00005221932115,1.00784108729744,0.98410787382615,0.982833655705996,1,0.993287548985372
1,1,1,1,1.00291545189504,1,1,1,1,1,1
0.992292446597666,1.03681018799272,1.01587620578778,1.01083437110834,1,1.00245417993838,1.00254149377593,1.01786151211157,1.01193111931119,1.01434197815263,1.0119921875
1,1,1,1,0.99313226744186,1,1,1,1,1,1
0.997558810474922,0.99146049014447,0.987141444114738,0.987248983614636,1,1.00531305344307,0.982461586217601,0.983413461538462,0.979944086544305,1.01304029304029,0.96116879607828
0.997107897664071,0.98106306412601,0.982965931863727,1.01890559680539,1.00409791079726,0.985284974093264,0.991574512901527,1.02102175507211,1.01463656660878,1.00086780445473,0.992289466286495
1.00647032574743,1.03758268190018,1.00428134556575,1.01285976729945,0.995918813540794,1.00515355490114,1.00212426978226,1.02705290878621,1.01112469437653,1.01690751445087,1.03605973531911
0.995344712923964,0.983946682121124,0.988022736500203,0.988452237001209,1.02118473528228,0.988804017997279,0.996290408055114,0.988344988344988,0.969894813202757,1.0018473781441,0.96875
0.99086859688196,1,1,1,1,1,1,1,1,1,1
1,1.00612557427259,0.981097185124307,1.00006116582054,0.985274095306342,0.981111111111111,0.984095744680851,1.00306603773585,0.997132884567439,1.02205673758865,1.00967741935484
1,1,1,1,1,0.975678153481098,1,1,1,1,1
0.98898628905372,0.993501931858096,0.986387434554974,1.00373088685015,0.983853958325757,1,0.987460137289876,0.988478720902892,1.00012501562695,1.00888210394837,0.98482428115016
1,1,1,1,1,0.991045766084457,1,1,1,1,1
1.02727272727273,1.01072417653644,1.01019108280255,1.00542319176162,1.00166327850675,1,1.00662324155674,1.00490009514748,1.01775,0.981498039755141,1.01005677210057
1,1,1,1,1,0.992749581706637,1,1,1,1,1
1.00553097345133,0.995452690491459,0.996847414880202,1.00309090909091,0.999704797047971,1,0.992495921696574,1.00520759361833,0.98255956767379,0.995865451997197,0.996306407579894
1,1,1,1,1,0.990056179775281,1,1,1,1,1
1.02354235423542,0.992503660322108,1.00822264389627,1.01087547580207,1.00258378857227,1,0.984440061363138,0.990251024348891,0.991,1.02244739990148,0.99455996131528
1.02923473774721,1.00666784681655,1.03178586365537,1.00717231486462,1.00323982033724,0.981671679055779,0.987811665182547,1.001331684581,0.993945509586276,1.02890571231934,1.01130424212957
