GAZP,GMKN,LKOH,ROSN,SBER
0.5,0.5,0.5,0.5,0.5
0.500383203998687,0.496762821085698,0.492493583595882,0.496028933352413,0.506591192561434
0.507652918012076,0.490328728518541,0.477972963254779,0.506152478822072,0.504432881140177
0.509795330146874,0.500992351678619,0.488057380624247,0.506028651281104,0.504787235343259
0.502498893120296,0.497900856876466,0.506724513925619,0.485798331823574,0.484084322382982
0.49450389132807,0.506368947515823,0.485231500041204,0.47722571786554,0.474773319560922
0.49742809081737,0.509199460468655,0.460651625866187,0.476432537747039,0.498477973984533
0.49742809081737,0.509199460468655,0.460651625866187,0.476432537747039,0.498477973984533
0.500454636351217,0.496271916251081,0.486927990139479,0.4505236456477,0.486047536997111
0.507514130118931,0.494535792022605,0.501620669526555,0.482199441150193,0.488057942930721
0.50808027196562,0.496740951038608,0.508023320308573,0.501820131961329,0.501876998485871
0.510123622765396,0.491519110595144,0.493093363144724,0.495258840470384,0.503221047406362
0.510123622765396,0.491519110595144,0.493093363144724,0.495258840470384,0.503221047406362
0.519477605455595,0.502861776165768,0.503689673923021,0.509075714417756,0.507091847605581
0.519477605455595,0.502861776165768,0.503689673923021,0.509075714417756,0.507091847605581
0.502579983989862,0.515609822577328,0.499790112552252,0.515607694674424,0.496599630664733
0.502579983989862,0.515609822577328,0.499790112552252,0.515607694674424,0.496599630664733
0.495116943450567,0.508396629417913,0.494235384203651,0.51130742942665,0.49633161904972
0.495116943450567,0.508396629417913,0.494235384203651,0.51130742942665,0.49633161904972
0.508118907707264,0.50894360577623,0.500620559326752,0.510933684885491,0.485243602109096
0.50613946503847,0.499846525047523,0.499973127687452,0.495192515852341,0.487921831681979
0.500737614605014,0.497175104990123,0.488968797690635,0.519297870863305,0.461871962889238
0.490337114788247,0.513823024958978,0.49584903411465,0.508630543883738,0.477815493765401
0.500342067522761,0.505474000800176,0.489379874519493,0.494986553898297,0.48401287013935
0.517351246278051,0.518256746923089,0.492034140682413,0.507682067945345,0.503548177239822
0.517351246278051,0.518256746923089,0.492034140682413,0.507682067945345,0.503548177239822
0.515170067864363,0.486566885832438,0.479423883378904,0.510016631450312,0.498837141058693
0.509214051598899,0.491178635244021,0.496458646173868,0.496931619125747,0.505917431342176
0.510249566463829,0.478377987157516,0.494475772287043,0.499613673647529,0.510704466005747
0.51722090673753,0.481498485284008,0.482325591908556,0.500158573578509,0.51109562212829
0.525348338312282,0.475601800213223,0.474986551895789,0.501477580531748,0.495435961696909
0.504296249522125,0.463721076613701,0.474671667119525,0.481364817259407,0.482485764411904
0.524539351700728,0.462229557255288,0.482419573177123,0.483862040024548,0.502271455155215
0.504485082392462,0.467228439115935,0.462758076579714,0.503508426677507,0.501014587224836
0.520775454718036,0.480119057846312,0.472903626421255,0.493239678022717,0.484938785159889
0.51051638898571,0.486332639456404,0.472848214988385,0.488570265367805,0.500674441866796
0.522610865055051,0.495071566047034,0.495652699616641,0.505735994330603,0.503673375746173
0.522610865055051,0.495071566047034,0.495652699616641,0.505735994330603,0.503673375746173
0.5038591551558,0.491997192760695,0.471391528125796,0.476497282638195,0.501652413759619
0.513804857979893,0.499744542125327,0.492834151749241,0.467295188318584,0.501455308824428
0.513804857979893,0.499744542125327,0.492834151749241,0.467295188318584,0.501455308824428
0.490450114214531,0.49058961005108,0.475310977042768,0.453565171849388,0.47962569047416
0.526894063990015,0.524708731323508,0.478594833970217,0.482120179823305,0.511934057712045
0.526894063990015,0.524708731323508,0.478594833970217,0.482120179823305,0.511934057712045
0.504972909168437,0.501380566609116,0.472436156302901,0.487122511401224,0.505662570186078
0.485674540403682,0.505694552371014,0.477309124613053,0.454938535645806,0.492279733268241
0.500277132156556,0.497758799957048,0.481727462023257,0.446697069856297,0.490054350254875
0.500277132156556,0.497758799957048,0.481727462023257,0.446697069856297,0.490054350254875
0.508314977414556,0.477032737272722,0.488836784128439,0.462100449286681,0.496921065200781
0.508314977414556,0.477032737272722,0.488836784128439,0.462100449286681,0.496921065200781
0.494118672189978,0.47991651586735,0.507182874769686,0.477087006811589,0.491083984938585
0.494118672189978,0.47991651586735,0.507182874769686,0.477087006811589,0.491083984938585
0.494118672189978,0.47991651586735,0.507182874769686,0.477087006811589,0.491083984938585
0.504081554662747,0.506275918301574,0.498932553877504,0.467497602625264,0.503735348760816
0.504081554662747,0.506275918301574,0.498932553877504,0.467497602625264,0.503735348760816
0.512456555859469,0.49822575204734,0.504027591935509,0.46889006580771,0.498851853824283
0.512456555859469,0.49822575204734,0.504027591935509,0.46889006580771,0.498851853824283
0.503967772769224,0.476771844412449,0.494605244578375,0.462377354906267,0.493460304490808
0.503967772769224,0.476771844412449,0.494605244578375,0.462377354906267,0.493460304490808
0.493238682408757,0.457439601744944,0.482820164481263,0.46526661013873,0.481861066751081
0.493238682408757,0.457439601744944,0.482820164481263,0.46526661013873,0.481861066751081
0.495779769404469,0.446919948493256,0.491141188904773,0.466884881617512,0.484786139493752
0.505051120069895,0.480270101203198,0.518188877690102,0.512642865167186,0.480681782575119
0.493456508043967,0.470289002102393,0.515266728516377,0.49202075028979,0.485493410604405
0.484509432337956,0.485184229756052,0.507537128407796,0.51223673964254,0.490716193597787
0.496707571171959,0.476199250392498,0.479458628415807,0.494248036107905,0.484796707508798
0.489035511480518,0.477367589447773,0.499143413350613,0.484656906496564,0.480222653944459
0.475024091521911,0.461781239169733,0.499587980322357,0.471042385974093,0.468061778918483
0.482202049097919,0.465093479705595,0.481534757190149,0.45731956367759,0.461139524409849
0.495562434797528,0.45362213729822,0.47627458190087,0.475498432830097,0.450963775062755
0.495562434797528,0.45362213729822,0.47627458190087,0.475498432830097,0.450963775062755
0.492016001994892,0.477865708656401,0.465188774074328,0.476338966677378,0.461775771219314
0.493334462175101,0.500261693752926,0.485372237217588,0.489772167832231,0.481776304397492
0.493334462175101,0.500261693752926,0.485372237217588,0.489772167832231,0.481776304397492
0.496050442338208,0.506215160543259,0.463542898408308,0.476103963567465,0.481719018780814
0.503350116190955,0.506852263026401,0.454634590515073,0.459633467309402,0.479517343635073
0.485548402514063,0.4976094548042,0.450620401214086,0.44204639182178,0.466486718228084
0.475891128171623,0.485868829623521,0.448648994339648,0.43008092594659,0.446077341074156
0.490243802610484,0.487843958579129,0.511317103019337,0.48116431280387,0.459396203900147
0.486210592346465,0.49367210161029,0.502784799161871,0.501718798176878,0.463519648835864
0.486210592346465,0.49367210161029,0.502784799161871,0.501718798176878,0.463519648835864
0.511664782986086,0.487389692622574,0.494774234106675,0.495540012205957,0.474317958010328
0.511664782986086,0.487389692622574,0.494774234106675,0.495540012205957,0.474317958010328
0.501523501423864,0.504362013416471,0.47132159562583,0.495496657073717,0.470576320760621
0.481408288764363,0.5002441313532,0.466928454977166,0.498033584081654,0.490560254254624
0.482613122011891,0.480789524489213,0.475852312346321,0.502770684435018,0.487224619386696
0.482613122011891,0.480789524489213,0.475852312346321,0.502770684435018,0.487224619386696
0.492509756073194,0.483197949217606,0.483626591535486,0.502177666843769,0.48283481769607
0.492509756073194,0.483197949217606,0.483626591535486,0.502177666843769,0.48283481769607
0.502868569126014,0.479490289116437,0.477106058834778,0.475176112304798,0.482831126867578
0.499281971951483,0.483512219818027,0.464407638311994,0.474833929415318,0.503204587875543
0.499281971951483,0.483512219818027,0.464407638311994,0.474833929415318,0.503204587875543
0.540377212806232,0.504483222225639,0.492723054469068,0.497091256596478,0.525840842386883
0.518883912130347,0.498994047618135,0.467041623914156,0.478865670578699,0.50698563765828
0.516852211280927,0.487133899313569,0.477854254170051,0.481128890302349,0.482903381037947
0.505017771783843,0.497086824377478,0.466972021882491,0.483135613612625,0.483708941726364
0.505017771783843,0.497086824377478,0.466972021882491,0.483135613612625,0.483708941726364
0.488485806689199,0.48952610488793,0.463068359552871,0.46936211728363,0.480434597182755
0.488485806689199,0.48952610488793,0.463068359552871,0.46936211728363,0.480434597182755
0.488485806689199,0.48952610488793,0.463068359552871,0.46936211728363,0.480434597182755
0.501831532758513,0.501133341620169,0.467761188080235,0.459743560402584,0.485280835508582
0.501831532758513,0.501133341620169,0.467761188080235,0.459743560402584,0.485280835508582
0.497995864432737,0.502089316131612,0.456069972173917,0.425255845361958,0.478599285457537
0.497995864432737,0.502089316131612,0.456069972173917,0.425255845361958,0.478599285457537
0.519872194613003,0.521763784893405,0.492389416791174,0.465896503813263,0.52093897970344
0.503683983803686,0.499110570457863,0.459034859784914,0.457955146280366,0.495210340189598
0.487504817177179,0.518586254968786,0.449406125661167,0.426749410148479,0.495799599581678
0.487504817177179,0.518586254968786,0.449406125661167,0.426749410148479,0.495799599581678
0.487504817177179,0.518586254968786,0.449406125661167,0.426749410148479,0.495799599581678
0.493011954731467,0.505607523810037,0.447386692607372,0.440079020166148,0.504199923568805
0.493011954731467,0.505607523810037,0.447386692607372,0.440079020166148,0.504199923568805
0.498346238695568,0.515358402088976,0.460305684482073,0.477475597150283,0.513260248991571
0.498346238695568,0.515358402088976,0.460305684482073,0.477475597150283,0.513260248991571
0.48538454698188,0.493430378756529,0.465900531273177,0.455454131922007,0.496135796694447
0.526143936126955,0.520607443374461,0.48252997976382,0.48241934546361,0.514223831499519
0.526143936126955,0.520607443374461,0.48252997976382,0.48241934546361,0.514223831499519
0.526143936126955,0.520607443374461,0.48252997976382,0.48241934546361,0.514223831499519
0.542816058975117,0.552868694681786,0.469710400747514,0.511080478863312,0.516763068633601
0.542816058975117,0.552868694681786,0.469710400747514,0.511080478863312,0.516763068633601
0.516731232875508,0.539541587366674,0.465429802078801,0.493907374080484,0.512982181382295
0.516731232875508,0.539541587366674,0.465429802078801,0.493907374080484,0.512982181382295
0.506141811805731,0.521705376541467,0.453898317504603,0.462200996366994,0.518059194711685
0.506141811805731,0.521705376541467,0.453898317504603,0.462200996366994,0.518059194711685
0.490772502685669,0.500697663676401,0.453118244228359,0.465225953112051,0.492900954705836
0.490772502685669,0.500697663676401,0.453118244228359,0.465225953112051,0.492900954705836
0.490772502685669,0.500697663676401,0.453118244228359,0.465225953112051,0.492900954705836
0.514520441034659,0.510213933118064,0.45435144306712,0.484366920317202,0.500674915298473
0.514520441034659,0.510213933118064,0.45435144306712,0.484366920317202,0.500674915298473
0.514520441034659,0.510213933118064,0.45435144306712,0.484366920317202,0.500674915298473
0.486632487549682,0.506489703652379,0.450386944574552,0.482921769481672,0.490569274289002
0.486632487549682,0.506489703652379,0.450386944574552,0.482921769481672,0.490569274289002
0.495941195998085,0.514017553154631,0.45177587112236,0.497098865985959,0.502916097920017
0.490674779975625,0.512799528667,0.472184313213347,0.478786858652254,0.50892808323066
0.508715762809069,0.504952004896064,0.495207098199611,0.479653690507803,0.50464473312458
0.492572792660505,0.508238466237718,0.4898798126868,0.469449995802994,0.498105352152355
0.492572792660505,0.508238466237718,0.4898798126868,0.469449995802994,0.498105352152355
0.522551626958032,0.501051293112825,0.488787229173018,0.48783454004851,0.50673068976063
0.525097924924697,0.504594467185848,0.480502680894965,0.496853720866485,0.510376706264794
0.524597496889852,0.483744892862141,0.488854122648915,0.494378132588367,0.503794821059704
0.524597496889852,0.483744892862141,0.488854122648915,0.494378132588367,0.503794821059704
0.507806336562334,0.491363407643918,0.495195034173478,0.498307088212466,0.491133535692203
0.507806336562334,0.491363407643918,0.495195034173478,0.498307088212466,0.491133535692203
0.487562266969836,0.476257876755405,0.486714745327257,0.506248281511161,0.465777623585054
0.507406263357966,0.468752757205963,0.486074674212613,0.492052943103454,0.494923071569225
0.507406263357966,0.468752757205963,0.486074674212613,0.492052943103454,0.494923071569225
0.503955817815922,0.485000008239877,0.503878920954382,0.47473355814751,0.494886195812012
0.503955817815922,0.485000008239877,0.503878920954382,0.47473355814751,0.494886195812012
0.503955817815922,0.485000008239877,0.503878920954382,0.47473355814751,0.494886195812012
0.501043882809222,0.479696412599772,0.504811268942337,0.487000563916282,0.494054830381696
0.501043882809222,0.479696412599772,0.504811268942337,0.487000563916282,0.494054830381696
0.484189505177312,0.474008517378944,0.514481221689859,0.485231071524261,0.480246124066647
0.484189505177312,0.474008517378944,0.514481221689859,0.485231071524261,0.480246124066647
0.512502903719683,0.483463679115916,0.525665521782984,0.518760079182275,0.514027194048135
0.512502903719683,0.483463679115916,0.525665521782984,0.518760079182275,0.514027194048135
0.512502903719683,0.483463679115916,0.525665521782984,0.518760079182275,0.514027194048135
0.505195859952678,0.482939613490146,0.526249534680206,0.520173936221743,0.503591346421748
0.505195859952678,0.482939613490146,0.526249534680206,0.520173936221743,0.503591346421748
0.494274482370549,0.480266046409905,0.513031816436003,0.508121927196448,0.497688978388472
0.494274482370549,0.480266046409905,0.513031816436003,0.508121927196448,0.497688978388472
0.485539043848331,0.480810155883428,0.504588189148413,0.497748485725756,0.481380210279928
0.474766067986977,0.465084499719394,0.50698519860428,0.478539871873764,0.488745430680271
0.466069756669919,0.459215947543223,0.493782509107571,0.454968778091134,0.478592606616567
0.468802485924068,0.463262270070863,0.485565236316703,0.48117046440498,0.512614295853452
0.468802485924068,0.463262270070863,0.485565236316703,0.48117046440498,0.512614295853452
0.489333150468305,0.505745850915617,0.509256689815625,0.522998961298833,0.516005160728661
0.491204643649166,0.475181825978949,0.493515430433891,0.505762879214373,0.498619795529488
0.500168380666894,0.489531906872417,0.501205461480018,0.520674234233372,0.509013193181174
0.476274418179575,0.484531377240088,0.486383188047212,0.520422245711928,0.503774605219875
0.476274418179575,0.484531377240088,0.486383188047212,0.520422245711928,0.503774605219875
0.475007783552464,0.488223936026649,0.492298681416801,0.509812421817822,0.487204028725101
0.475007783552464,0.488223936026649,0.492298681416801,0.509812421817822,0.487204028725101
0.488134283094075,0.499029307871121,0.497897577629864,0.519412106769036,0.49012316351041
0.488134283094075,0.499029307871121,0.497897577629864,0.519412106769036,0.49012316351041
0.484567072096938,0.482698835561154,0.497170538112039,0.499428158533325,0.488713370640654
0.484567072096938,0.482698835561154,0.497170538112039,0.499428158533325,0.488713370640654
0.484567072096938,0.482698835561154,0.497170538112039,0.499428158533325,0.488713370640654
0.483200031229802,0.474704935741493,0.483275174658555,0.514876846643901,0.49873461064037
0.483200031229802,0.474704935741493,0.483275174658555,0.514876846643901,0.49873461064037
0.484679314605276,0.493609939635801,0.476386352233904,0.512592271197321,0.504134056561488
0.48484283828902,0.500176735265146,0.493461180091463,0.510780459282037,0.498712352276282
0.509059579947355,0.514580079319169,0.492674585220599,0.49373611742392,0.516443744166635
0.509059579947355,0.514580079319169,0.492674585220599,0.49373611742392,0.516443744166635
0.492973337028165,0.491035614780363,0.487341488382591,0.479058929314434,0.503571939884117
0.492973337028165,0.491035614780363,0.487341488382591,0.479058929314434,0.503571939884117
0.479915361669941,0.490717311471594,0.480629547677723,0.46988158042973,0.488858096148231
0.452668341245274,0.476086146555108,0.486155756546263,0.475353887330424,0.488050869602272
0.452668341245274,0.476086146555108,0.486155756546263,0.475353887330424,0.488050869602272
0.494227050625855,0.502386651463409,0.496464209935298,0.500058981670252,0.520807050264864
0.502836343013221,0.516114380146043,0.497671691652886,0.498330700895541,0.517058743475741
0.502836343013221,0.516114380146043,0.497671691652886,0.498330700895541,0.517058743475741
0.502836343013221,0.516114380146043,0.497671691652886,0.498330700895541,0.517058743475741
0.495429582305735,0.493816313341746,0.483129802738585,0.481779455717507,0.49659318497231
0.495429582305735,0.493816313341746,0.483129802738585,0.481779455717507,0.49659318497231
0.490807663555525,0.499614299231913,0.483603715960926,0.479659689448468,0.490874029587991
0.490807663555525,0.499614299231913,0.483603715960926,0.479659689448468,0.490874029587991
0.523685631175038,0.506845694236153,0.476688151214024,0.509571942716992,0.495097665112984
0.523685631175038,0.506845694236153,0.476688151214024,0.509571942716992,0.495097665112984
0.513336750224465,0.485273879958437,0.475184649403768,0.507487759865764,0.494861437765051
0.513336750224465,0.485273879958437,0.475184649403768,0.507487759865764,0.494861437765051
0.500242699396585,0.486009650793802,0.468360632392364,0.487461302353427,0.485918051552935
0.50260706952038,0.495613713322964,0.457564277407709,0.498783043905281,0.503129412005372
0.50260706952038,0.495613713322964,0.457564277407709,0.498783043905281,0.503129412005372
0.497152205711205,0.48949417636109,0.470334993311272,0.499518841595642,0.489941324607402
0.498872948010314,0.517224298491719,0.484015017528742,0.497344042477775,0.502577507406372
0.498872948010314,0.517224298491719,0.484015017528742,0.497344042477775,0.502577507406372
0.499712744049165,0.50366135968843,0.494308021000758,0.479576019914159,0.501631497308108
0.499712744049165,0.50366135968843,0.494308021000758,0.479576019914159,0.501631497308108
0.4830173362947,0.484106459963491,0.46089201116541,0.476447730915971,0.493331933116215
0.4830173362947,0.484106459963491,0.46089201116541,0.476447730915971,0.493331933116215
0.486890282573915,0.517143031675464,0.474546475979057,0.501230091634319,0.491944224351122
0.486890282573915,0.517143031675464,0.474546475979057,0.501230091634319,0.491944224351122
0.505407860384407,0.527022480709082,0.477525586304809,0.53189050492251,0.493644230803126
0.505407860384407,0.527022480709082,0.477525586304809,0.53189050492251,0.493644230803126
0.527053241958551,0.500699064767421,0.501805433769216,0.524258242913028,0.493630449013911
0.527053241958551,0.500699064767421,0.501805433769216,0.524258242913028,0.493630449013911
0.512970130004474,0.49274297013407,0.502582589044788,0.528827329827008,0.490463371434619
0.512970130004474,0.49274297013407,0.502582589044788,0.528827329827008,0.490463371434619
0.512970130004474,0.49274297013407,0.502582589044788,0.528827329827008,0.490463371434619
0.502331056252685,0.477353740845723,0.489816140228815,0.50954693108168,0.488089871609273
0.502331056252685,0.477353740845723,0.489816140228815,0.50954693108168,0.488089871609273
0.502331056252685,0.477353740845723,0.489816140228815,0.50954693108168,0.488089871609273
0.51674876919652,0.507332527718813,0.494561914143008,0.506330821703543,0.501745332828918
0.51674876919652,0.507332527718813,0.494561914143008,0.506330821703543,0.501745332828918
0.523491557875892,0.50967350640224,0.499991481425726,0.517391616724948,0.507998023676603
0.523491557875892,0.50967350640224,0.499991481425726,0.517391616724948,0.507998023676603
0.515930310707662,0.495640307157741,0.494937493418687,0.510615361322471,0.492523417724272
0.515930310707662,0.495640307157741,0.494937493418687,0.510615361322471,0.492523417724272
0.530974651029863,0.487316824592146,0.490346188788798,0.509292898999914,0.482442817676487
0.518774402448551,0.504599691553825,0.501886657380981,0.494204417242712,0.476102800289206
0.518194830118792,0.48863570647628,0.47868892590464,0.486079377255644,0.488601962030257
0.518194830118792,0.48863570647628,0.47868892590464,0.486079377255644,0.488601962030257
0.50812719441778,0.494817224264125,0.481112117048553,0.487091348821572,0.479553691098341
0.50812719441778,0.494817224264125,0.481112117048553,0.487091348821572,0.479553691098341
0.50812719441778,0.494817224264125,0.481112117048553,0.487091348821572,0.479553691098341
0.497734916166998,0.491958238767314,0.464692603917779,0.488117514995436,0.464497715194524
0.497734916166998,0.491958238767314,0.464692603917779,0.488117514995436,0.464497715194524
0.486126900681976,0.485299923747265,0.451528759451346,0.481340178268712,0.462744597101247
0.486126900681976,0.485299923747265,0.451528759451346,0.481340178268712,0.462744597101247
0.495936192234265,0.49314252912354,0.46296369780793,0.490177098215164,0.472504643662279
0.495936192234265,0.49314252912354,0.46296369780793,0.490177098215164,0.472504643662279
0.495936192234265,0.49314252912354,0.46296369780793,0.490177098215164,0.472504643662279
0.502909870050674,0.496177984215463,0.442517374894294,0.479525554606997,0.489979001618883
0.502909870050674,0.496177984215463,0.442517374894294,0.479525554606997,0.489979001618883
0.509695492767222,0.490894215304541,0.442923523598004,0.462662957415551,0.469226483415631
0.509695492767222,0.490894215304541,0.442923523598004,0.462662957415551,0.469226483415631
0.509695492767222,0.490894215304541,0.442923523598004,0.462662957415551,0.469226483415631
0.487339579536221,0.469049493437084,0.437196208344977,0.4595806095691,0.466551788359856
0.487339579536221,0.469049493437084,0.437196208344977,0.4595806095691,0.466551788359856
0.479914219077665,0.458262287334262,0.416631404798757,0.450805618271981,0.471613946341252
0.479914219077665,0.458262287334262,0.416631404798757,0.450805618271981,0.471613946341252
0.493785681101236,0.475744106119911,0.452368715314959,0.445108763530983,0.485317442590159
0.493785681101236,0.475744106119911,0.452368715314959,0.445108763530983,0.485317442590159
0.506938466196349,0.470288570162965,0.436266280622341,0.462366210552461,0.480613853666036
0.506938466196349,0.470288570162965,0.436266280622341,0.462366210552461,0.480613853666036
0.497802312322208,0.477715810802285,0.435333341635225,0.480013620291382,0.471282903688782
0.497802312322208,0.477715810802285,0.435333341635225,0.480013620291382,0.471282903688782
0.492556439222442,0.474676189704057,0.43008046046188,0.476090916545222,0.470482128537664
0.505940626184969,0.466171735900956,0.443468172011933,0.459385450855869,0.464035783226058
0.505940626184969,0.466171735900956,0.443468172011933,0.459385450855869,0.464035783226058
0.503826651305173,0.493606494315641,0.446981701922229,0.466945721976683,0.495227702106702
0.513188191645119,0.486053663897696,0.451776352641439,0.494005908850002,0.507842984685617
0.513188191645119,0.486053663897696,0.451776352641439,0.494005908850002,0.507842984685617
0.498747398389918,0.486808900833015,0.449393108370943,0.489474524719901,0.49781346827564
0.498747398389918,0.486808900833015,0.449393108370943,0.489474524719901,0.49781346827564
0.498747398389918,0.486808900833015,0.449393108370943,0.489474524719901,0.49781346827564
0.520680853316729,0.508186687271687,0.461418911141327,0.487443813886814,0.517121781069817
0.532607632661467,0.510224211012868,0.449452378454965,0.479068674207874,0.519074437977577
0.52015603937243,0.512305233537138,0.446742218375705,0.495608556637038,0.510409809418106
0.516083061765985,0.491823875319289,0.448392548373655,0.49851820847946,0.504669934415906
0.527075493101905,0.506662656860417,0.447952138857016,0.501023575476071,0.496114164703803
0.504193778083458,0.490640811652261,0.451357179397247,0.462792803050308,0.489477512960866
0.504193778083458,0.490640811652261,0.451357179397247,0.462792803050308,0.489477512960866
0.500568393331238,0.500336919829182,0.449464044228311,0.465400432506286,0.508938015250192
0.499828453165993,0.493147674784797,0.462857251136386,0.46564885920154,0.503844727738098
0.499961805184764,0.510012599347892,0.45563447486057,0.456107867203276,0.490025559910665
0.501879763252633,0.474812071477191,0.461756538363735,0.468431540198382,0.496244780668325
0.501879763252633,0.474812071477191,0.461756538363735,0.468431540198382,0.496244780668325
0.501879763252633,0.474812071477191,0.461756538363735,0.468431540198382,0.496244780668325
0.500519633725356,0.484232288924783,0.441686020955627,0.470673556134327,0.483285643345374
0.49319606080928,0.506220943253825,0.441321297768454,0.487281294194198,0.465225055150791
0.49319606080928,0.506220943253825,0.441321297768454,0.487281294194198,0.465225055150791
0.483372084795209,0.501537430863725,0.445007528381132,0.485455338520756,0.468457133895603
0.483372084795209,0.501537430863725,0.445007528381132,0.485455338520756,0.468457133895603
0.466742735565173,0.47959886112108,0.42859912203141,0.468830919473379,0.454048170065079
0.453630542808248,0.472401455756072,0.40795666542981,0.455207569353696,0.476475248145577
0.453630542808248,0.472401455756072,0.40795666542981,0.455207569353696,0.476475248145577
0.474587930354698,0.487718659760607,0.420724756040242,0.45720237184161,0.464317073656393
0.474587930354698,0.487718659760607,0.420724756040242,0.45720237184161,0.464317073656393
0.490562012806183,0.489234171262295,0.49294414773553,0.464140003591469,0.473391821464273
0.490562012806183,0.489234171262295,0.49294414773553,0.464140003591469,0.473391821464273
0.478523510589673,0.484160950791567,0.47747787122181,0.46726612350431,0.455373634907601
0.478523510589673,0.484160950791567,0.47747787122181,0.46726612350431,0.455373634907601
0.460459231090673,0.473322451721673,0.474353192020909,0.4766545691577,0.449552996804413
0.460459231090673,0.473322451721673,0.474353192020909,0.4766545691577,0.449552996804413
0.460459231090673,0.473322451721673,0.474353192020909,0.4766545691577,0.449552996804413
0.468084092689239,0.480030655558035,0.497494958516411,0.457031894293815,0.450888087285998
0.468084092689239,0.480030655558035,0.497494958516411,0.457031894293815,0.450888087285998
0.468084092689239,0.480030655558035,0.497494958516411,0.457031894293815,0.450888087285998
0.466461669180883,0.485573963261738,0.507637558836074,0.484320688216581,0.474204377940011
0.466461669180883,0.485573963261738,0.507637558836074,0.484320688216581,0.474204377940011
0.479939383252237,0.505433580719704,0.514659696119795,0.483318592976742,0.493770193699206
0.469583842359343,0.481664830265052,0.496318016579168,0.467555480512106,0.480547408104901
0.478062730677197,0.497477250455269,0.484724503988549,0.472088982684082,0.504148870227825
0.504177961053211,0.474497416914029,0.496441497073455,0.497195938608096,0.493147374037989
0.482803769527128,0.480113890955098,0.500235321916983,0.507639809061787,0.484432040912673
0.50277484899599,0.481535100338192,0.496874746895804,0.505737658760271,0.488484012631479
0.50277484899599,0.481535100338192,0.496874746895804,0.505737658760271,0.488484012631479
0.492131424356619,0.489180613601639,0.468093329710021,0.504778278048773,0.479996561410285
0.492131424356619,0.489180613601639,0.468093329710021,0.504778278048773,0.479996561410285
0.472687967993979,0.47156820603512,0.478343421336525,0.484236332603815,0.452324533461835
0.472687967993979,0.47156820603512,0.478343421336525,0.484236332603815,0.452324533461835
0.45200173237698,0.468015946168266,0.471198013575029,0.489198347248409,0.447067302937929
0.45200173237698,0.468015946168266,0.471198013575029,0.489198347248409,0.447067302937929
0.45200173237698,0.468015946168266,0.471198013575029,0.489198347248409,0.447067302937929
0.487009128795058,0.466830616511056,0.468709889099341,0.492839722997869,0.474464423726267
0.494498864232033,0.463482427968859,0.467912016845335,0.491179804355701,0.486593012890132
0.494498864232033,0.463482427968859,0.467912016845335,0.491179804355701,0.486593012890132
0.484696825464535,0.449658458279648,0.461324924438325,0.489251634089463,0.484643864988675
0.476137759532541,0.469464015035469,0.483807884706928,0.49766397528699,0.460514697483399
0.476137759532541,0.469464015035469,0.483807884706928,0.49766397528699,0.460514697483399
0.486005344994584,0.492465730610472,0.492570609300888,0.490807396253071,0.460064902733455
0.486005344994584,0.492465730610472,0.492570609300888,0.490807396253071,0.460064902733455
0.494068098417791,0.480017172151573,0.485208863464733,0.487542325589587,0.467403956585831
0.500608185738898,0.470081638314748,0.489568166225398,0.478321070625443,0.474372515764189
0.497459598678915,0.468747488211092,0.495639987516208,0.511429038349468,0.457994542966779
0.497459598678915,0.468747488211092,0.495639987516208,0.511429038349468,0.457994542966779
0.497459598678915,0.468747488211092,0.495639987516208,0.511429038349468,0.457994542966779
0.505161347062344,0.504295288333186,0.498989887244328,0.529699787636984,0.472577116483746
0.504889088995802,0.52605326450042,0.49433399780277,0.512993965419376,0.466963510713283
0.504694511474215,0.496505292078981,0.476329667361493,0.487728429630044,0.473718580448526
0.489264432538159,0.481299733652597,0.47015940502373,0.483744177127926,0.471957789641225
0.489264432538159,0.481299733652597,0.47015940502373,0.483744177127926,0.471957789641225
0.48893821210958,0.497204617769251,0.48116933867707,0.471417187008596,0.479622849433868
0.48893821210958,0.497204617769251,0.48116933867707,0.471417187008596,0.479622849433868
0.491256943656674,0.494013040152966,0.463633095994613,0.477796102516374,0.481413873682049
0.491256943656674,0.494013040152966,0.463633095994613,0.477796102516374,0.481413873682049
0.506798219883439,0.483565189950878,0.472958710258553,0.485974427956017,0.494278827094908
0.506798219883439,0.483565189950878,0.472958710258553,0.485974427956017,0.494278827094908
0.493189639070615,0.462017086135886,0.462935491410481,0.488330033562453,0.48326822681624
0.47717727385639,0.460496770968597,0.481116173085485,0.461819593402252,0.467582833021083
0.53553340549968,0.527718846806267,0.503304374565839,0.515879507006493,0.509261658965858
0.53553340549968,0.527718846806267,0.503304374565839,0.515879507006493,0.509261658965858
0.521859812338011,0.507695936188893,0.481477875879173,0.507615316078885,0.490331889755515
0.521859812338011,0.507695936188893,0.481477875879173,0.507615316078885,0.490331889755515
0.515448027323134,0.501254236406173,0.479718114667963,0.498713818729476,0.497165530494413
0.504159984307815,0.519048132646037,0.480408614371276,0.472907692125216,0.488695076366825
0.504159984307815,0.519048132646037,0.480408614371276,0.472907692125216,0.488695076366825
0.505242418673638,0.525296448388827,0.474696862453784,0.493093463238531,0.505699545331325
0.505242418673638,0.525296448388827,0.474696862453784,0.493093463238531,0.505699545331325
0.496535175480308,0.500749258691197,0.451613483376786,0.48046850076318,0.468372800330988
0.496535175480308,0.500749258691197,0.451613483376786,0.48046850076318,0.468372800330988
0.497941072688218,0.500583664901139,0.447530423935663,0.48371981520859,0.492213993684822
0.515407561451345,0.507158644629344,0.47156826113111,0.487333537442152,0.498518632608207
0.496474039161061,0.517036048969193,0.454514675504628,0.486792685984485,0.502646570653718
0.488296437014501,0.525789006997803,0.462955349117489,0.489980597458019,0.493366731436553
0.504359832952891,0.517747174292503,0.441733309767914,0.487186447207523,0.501987885827775
0.527440344908319,0.508905625712312,0.449701808479044,0.491993632474806,0.495203637932117
0.527440344908319,0.508905625712312,0.449701808479044,0.491993632474806,0.495203637932117
0.508089761170654,0.517160866393576,0.455080155136933,0.475446696880722,0.502162935062594
0.510305401503852,0.504634248208899,0.458572772911267,0.490011290152917,0.485327859224509
0.510305401503852,0.504634248208899,0.458572772911267,0.490011290152917,0.485327859224509
0.530002051248803,0.508165561813473,0.469098302486905,0.483981944526196,0.496751807507128
0.532189975122692,0.5199319600766,0.480592676284114,0.481233096008942,0.496017188414451
0.532189975122692,0.5199319600766,0.480592676284114,0.481233096008942,0.496017188414451
0.526283048687592,0.4892974524566,0.470970271189391,0.478789938566279,0.496424569359802
0.526283048687592,0.4892974524566,0.470970271189391,0.478789938566279,0.496424569359802
0.506448094982307,0.502914583127211,0.497128626654611,0.492982871157045,0.488501581481271
0.506448094982307,0.502914583127211,0.497128626654611,0.492982871157045,0.488501581481271
0.48127636743932,0.471985160614806,0.468954215298228,0.486083096296874,0.479787669631943
0.513900616766651,0.519343103953783,0.483724951573049,0.507305989911285,0.485739091910724
0.517882990264071,0.525781878122766,0.49586317081831,0.5063593509891,0.479902157989195
0.498075158210008,0.519944697804514,0.521367943697174,0.511223386445143,0.487938651174492
0.50560280980688,0.493268555983988,0.501991510503245,0.502466578373873,0.482940754154991
0.499424002131686,0.489502508197259,0.504900055037767,0.479345695326981,0.481608884255814
0.499424002131686,0.489502508197259,0.504900055037767,0.479345695326981,0.481608884255814
0.510092537659717,0.483819270393459,0.494423924387046,0.462647096301201,0.470519551971335
0.473711677489738,0.474798420406116,0.477027767302472,0.459686125622826,0.459383958044925
0.471561670241208,0.461799555298266,0.473625491933935,0.473689281672703,0.46975510072316
0.464513277576544,0.494311762849983,0.489251240099619,0.467222560170988,0.466903869857337
0.464513277576544,0.494311762849983,0.489251240099619,0.467222560170988,0.466903869857337
0.492973253704381,0.491498136512574,0.504670595358405,0.490928666045807,0.470956425455279
0.482934703949651,0.482108108821303,0.480417857214374,0.485914435832513,0.460418508618709
0.482934703949651,0.482108108821303,0.480417857214374,0.485914435832513,0.460418508618709
0.473530355669811,0.469043158781728,0.455307706776416,0.465033151825993,0.456018954851931
0.473530355669811,0.469043158781728,0.455307706776416,0.465033151825993,0.456018954851931
0.471087536183174,0.476295815042207,0.44822298020616,0.46804033731667,0.446051199171727
0.470569876441705,0.442240947152247,0.452286609693293,0.436492575872544,0.446653516475368
0.462066841164044,0.446842699887272,0.461378492695738,0.407166985383446,0.429394053596611
0.461616466205694,0.438974298184071,0.442001273477861,0.408111463628099,0.434550240155665
0.465791999374095,0.466095721233781,0.432217314946324,0.409609250426429,0.411266650019791
0.465791999374095,0.466095721233781,0.432217314946324,0.409609250426429,0.411266650019791
0.474120701938044,0.471682057523196,0.428990173017437,0.418501093073642,0.415136587406139
0.466101217630907,0.450969244332017,0.449266916506628,0.421775998864396,0.42861096967614
0.463348232233292,0.496388225740837,0.454600105666021,0.469435906030634,0.452726444391661
0.463348232233292,0.496388225740837,0.454600105666021,0.469435906030634,0.452726444391661
0.47658559620078,0.491181270327005,0.446837577648512,0.461568514973337,0.450595874037948
0.478037026948269,0.487651569825666,0.491521079202603,0.476670143558329,0.447069465097209
0.504297681349101,0.497493276344182,0.518237049285827,0.488045798204293,0.469407348942041
0.504297681349101,0.497493276344182,0.518237049285827,0.488045798204293,0.469407348942041
0.519618536160892,0.483427921839268,0.520064921911745,0.511335071008381,0.472940401503873
0.51140961307472,0.502588530575931,0.514024410767015,0.533069568202346,0.471214930333571
0.493054001359408,0.49104595601529,0.502544262768225,0.554681854039295,0.46543146678611
0.493054001359408,0.49104595601529,0.502544262768225,0.554681854039295,0.46543146678611
0.522811536042552,0.467989825446931,0.506640429084733,0.549616468204155,0.474034413955209
0.522811536042552,0.467989825446931,0.506640429084733,0.549616468204155,0.474034413955209
0.523686916138136,0.454578440732803,0.525354287262571,0.536733094876778,0.476634900960215
0.523686916138136,0.454578440732803,0.525354287262571,0.536733094876778,0.476634900960215
0.525570869559414,0.462501004488826,0.525653968394438,0.530795143680426,0.484898801880595
0.509797726005397,0.468102577295742,0.512073189830317,0.524815739691938,0.453294222003073
0.491493189195834,0.471556959736981,0.500342882486809,0.517188866739881,0.471222017480412
0.491901267519035,0.46402772678895,0.501688034464388,0.518163381965256,0.476395358460901
0.484641750311411,0.448616464287816,0.483631753412315,0.515314202684086,0.4699191753132
0.501817966596423,0.454433155766307,0.490106192801302,0.536677383401232,0.493301401032573
0.498572335922531,0.443316310970759,0.484827950064986,0.513460616981762,0.479073510582479
0.498572335922531,0.443316310970759,0.484827950064986,0.513460616981762,0.479073510582479
0.505449238542618,0.453250693323224,0.495889209385925,0.495018375962058,0.488459369015977
0.50085669234516,0.429676827770158,0.508019523327927,0.501795085312017,0.479385170299791
0.518338108910916,0.459454341106543,0.515656335751795,0.501704844558043,0.484063324860017
0.499707259565879,0.459682362916216,0.501942338694108,0.506554529773511,0.468572165582181
0.499707259565879,0.459682362916216,0.501942338694108,0.506554529773511,0.468572165582181
0.503010520139961,0.451210087736778,0.488702390800244,0.507831062882038,0.473570252340782
0.487409828795208,0.485907579208389,0.488922467792272,0.514180163264641,0.475474349294385
0.487409828795208,0.485907579208389,0.488922467792272,0.514180163264641,0.475474349294385
0.518363398759815,0.527685203813141,0.517503859680493,0.530115304650968,0.473980537528006
0.518363398759815,0.527685203813141,0.517503859680493,0.530115304650968,0.473980537528006
0.490496144553836,0.494183326417763,0.500825457175381,0.510268376434228,0.468202608788328
0.498009902317582,0.490215315909265,0.484560199856704,0.480928951138013,0.471995896361015
0.503770574054445,0.498619577344349,0.487392450382785,0.498748308928767,0.478537368536808
0.519449997860429,0.519838352807416,0.484140843227421,0.514010806766438,0.479710599866157
0.507527248059451,0.519301589786064,0.47790849040446,0.5215722511951,0.487703052197239
0.496493385752925,0.489806843734814,0.469953152244675,0.506565328257898,0.487899023234349
0.486818377132351,0.475858026198675,0.443150230289113,0.491617835904862,0.466673079728218
0.486818377132351,0.475858026198675,0.443150230289113,0.491617835904862,0.466673079728218
0.464299810076618,0.476058210951276,0.451757015151923,0.492121045337736,0.475101792912035
0.464299810076618,0.476058210951276,0.451757015151923,0.492121045337736,0.475101792912035
0.470636746164403,0.500642857628108,0.45545245620381,0.495309875768172,0.469201548448066
0.473544254991043,0.489318603869052,0.450878321233807,0.48828847451057,0.487021112368049
0.491801349502449,0.506905298714389,0.460723605163176,0.502330356128926,0.488867875429611
0.483107042095391,0.517772780331268,0.449129177006365,0.490943085948376,0.495405699155247
0.493689417804347,0.514120527314326,0.452099737791721,0.495897164125975,0.487801699879086
0.493689417804347,0.514120527314326,0.452099737791721,0.495897164125975,0.487801699879086
0.499202022846405,0.506550673687469,0.453167934669333,0.499958321104442,0.505747837532233
0.499202022846405,0.506550673687469,0.453167934669333,0.499958321104442,0.505747837532233
0.497156410458887,0.492754583121672,0.451199312981994,0.489942340475799,0.489811421184103
0.484024710680267,0.48680662349145,0.463024888738062,0.489649521579969,0.502771030350269
0.479107293129591,0.474426851637162,0.444954020828684,0.46147768601362,0.474577047997118
0.4649641214305,0.46836326623169,0.440807816778745,0.478658841598211,0.480477286657772
0.4649641214305,0.46836326623169,0.440807816778745,0.478658841598211,0.480477286657772
0.4649641214305,0.46836326623169,0.440807816778745,0.478658841598211,0.480477286657772
0.4649641214305,0.46836326623169,0.440807816778745,0.478658841598211,0.480477286657772
0.474293504483961,0.484718757345598,0.459422469678469,0.494810857203577,0.489759392288861
0.475069298269845,0.474251045194177,0.460845974242171,0.500908207982301,0.480386492806549
0.503087908975741,0.476784436846723,0.480879741911578,0.506682605807233,0.495455551441615
0.503087908975741,0.476784436846723,0.480879741911578,0.506682605807233,0.495455551441615
0.496079871114239,0.477102788743132,0.486104604718284,0.491577272647138,0.505496547227294
0.496079871114239,0.477102788743132,0.486104604718284,0.491577272647138,0.505496547227294
0.507619346445176,0.489117398489919,0.478096730094312,0.509938945235249,0.524673901574967
0.507619346445176,0.489117398489919,0.478096730094312,0.509938945235249,0.524673901574967
0.506014054027006,0.477059792448945,0.465572391746305,0.48655122348716,0.502652418219548
0.492397090704192,0.461083389384143,0.462156589396547,0.487015648319959,0.488130634283504
0.492397090704192,0.461083389384143,0.462156589396547,0.487015648319959,0.488130634283504
0.489209270430315,0.437809762950045,0.470863571565839,0.49284782508085,0.481577849683227
0.489209270430315,0.437809762950045,0.470863571565839,0.49284782508085,0.481577849683227
0.493106671196775,0.431200409631104,0.462460913761846,0.473476846306352,0.500880874145253
0.483307910346055,0.452232213656852,0.447424009942754,0.474663325041785,0.498696029628373
0.484649336006065,0.471470247121605,0.468697674422885,0.477795627917886,0.494517631153726
0.484649336006065,0.471470247121605,0.468697674422885,0.477795627917886,0.494517631153726
0.489024514278121,0.476023056201846,0.488371447361242,0.478819445354026,0.505082743971017
0.477693049598911,0.455226264262679,0.472197155322973,0.477404764852837,0.493788451292349
0.464187551122036,0.457794472590669,0.465626197711648,0.479102699686205,0.479495066701858
0.473655287580475,0.482861731665253,0.473550841197977,0.485501715611598,0.485635895250232
0.487063855999405,0.472394300091536,0.471196959537759,0.50473105131445,0.487986635863702
0.487063855999405,0.472394300091536,0.471196959537759,0.50473105131445,0.487986635863702
0.469919685850875,0.463508860180504,0.461512021151748,0.49913976685391,0.465742024086742
0.479533457408908,0.470542368895862,0.485733783444652,0.50336412019759,0.462886545995578
0.498084900421701,0.482353105904998,0.489375976303947,0.502386820876647,0.463444853254219
0.497618446258407,0.502572159247755,0.492458519671416,0.516169508170686,0.492096393389017
0.496667858171459,0.455317724690783,0.489402716615797,0.496069828881848,0.480003377169708
0.496667858171459,0.455317724690783,0.489402716615797,0.496069828881848,0.480003377169708
0.497549566998231,0.459337658203889,0.487651461583136,0.490777722980702,0.477768824991604
0.497549566998231,0.459337658203889,0.487651461583136,0.490777722980702,0.477768824991604
0.493477076680304,0.453902216715004,0.465371970585644,0.48643858973723,0.477441162504634
0.492525829314957,0.474246109843033,0.466768456465668,0.471919103916038,0.483269093607124
0.480993412075881,0.48846912323266,0.473790988355237,0.497360216480999,0.473700448097151
0.503744592389592,0.484056299179884,0.488257139849126,0.514707826485798,0.490426310686455
0.503744592389592,0.484056299179884,0.488257139849126,0.514707826485798,0.490426310686455
0.475016623291293,0.479086116772523,0.460329718523179,0.511943789524422,0.493555951780162
0.475016623291293,0.479086116772523,0.460329718523179,0.511943789524422,0.493555951780162
0.4915741181597,0.486917660045143,0.473860908684228,0.523118605349349,0.499477705486054
0.495951706952767,0.496582727885304,0.481569270922847,0.515668665040336,0.506436874009239
0.490746473896445,0.491633498516515,0.487458343780884,0.516269726386745,0.522810463777027
0.491657095274834,0.468052020735407,0.472819634192785,0.514333092495404,0.499163450340938
0.491657095274834,0.468052020735407,0.472819634192785,0.514333092495404,0.499163450340938
0.495139584115422,0.45463090256331,0.462624877864511,0.512121829896006,0.483818547476729
0.497370824147137,0.437168793535025,0.465707182542997,0.516372534650006,0.479686693953083
0.49455891457758,0.443855336911901,0.467408090148614,0.499677567066492,0.483428949737318
0.488761122031456,0.466963572063611,0.453772737943766,0.509459949246389,0.49218544733333
0.489888540588731,0.448976463666819,0.469338376546857,0.49282222092116,0.478902507351347
0.489888540588731,0.448976463666819,0.469338376546857,0.49282222092116,0.478902507351347
0.489888540588731,0.448976463666819,0.469338376546857,0.49282222092116,0.478902507351347
0.496612763852669,0.448105511743827,0.480958256316217,0.494837732282367,0.478688666822894
0.486536718376115,0.436716286141951,0.47035481382152,0.487275356474519,0.478356100399518
0.490957324228202,0.450699052085847,0.450012839105728,0.479115291347966,0.475500935777405
0.490957324228202,0.450699052085847,0.450012839105728,0.479115291347966,0.475500935777405
0.490503376493,0.478341402751831,0.44605473384302,0.51044718586872,0.500499477077885
0.519901328225915,0.484677872320548,0.44013346686801,0.510917781150362,0.497706808848668
0.507226954978488,0.477597550333785,0.465081572651743,0.519953913972698,0.492857345408256
0.516162576229024,0.464019466735847,0.480312662853956,0.483492957355285,0.467371836735773
0.49450441844722,0.476522198882565,0.470169711844874,0.486066351172088,0.470297836236982
0.515806768380511,0.469855182247004,0.48846620828668,0.486518432973711,0.472361933447639
0.478886524118665,0.476890978197141,0.477698824937474,0.489486552556596,0.474674435392599
0.500031954517177,0.457467937280198,0.469982022812727,0.481356848520033,0.478692157277788
0.490208570727605,0.478329074608243,0.470509741042047,0.466866907174489,0.488719589376703
0.494934963935739,0.468767717522163,0.464684688014953,0.479080414263706,0.47679355079271
0.494934963935739,0.468767717522163,0.464684688014953,0.479080414263706,0.47679355079271
0.490350350769829,0.464106832886407,0.43070861698988,0.479199361428537,0.476087227384079
0.492448193330745,0.457203968176471,0.443836839095198,0.467803688016661,0.459108233146566
0.493412121979596,0.445233586867369,0.451238303723372,0.461984048638509,0.467788152245121
0.493412121979596,0.445233586867369,0.451238303723372,0.461984048638509,0.467788152245121
0.487244342014171,0.439295919360086,0.457228265917133,0.428827963783268,0.470459862175395
0.487244342014171,0.439295919360086,0.457228265917133,0.428827963783268,0.470459862175395
0.492948867900184,0.45117016826618,0.480960351634483,0.457565794586941,0.484162772694165
0.494141555441803,0.438119955605955,0.461465814226727,0.473484804831513,0.484125693051604
0.484839727306418,0.431965295794869,0.450693401212269,0.473390959192271,0.476927753349236
0.484006500923076,0.436585941848578,0.435397876538476,0.457675205353529,0.467453332390076
0.488855174073076,0.458459286048373,0.475945866322416,0.466324511406617,0.474617038834482
0.484401601482228,0.473808116125113,0.45711997878485,0.486075754919126,0.480534857644499
0.484401601482228,0.473808116125113,0.45711997878485,0.486075754919126,0.480534857644499
0.484401601482228,0.473808116125113,0.45711997878485,0.486075754919126,0.480534857644499
0.487812015613777,0.460776115023879,0.469874102563369,0.479940795929947,0.481865953361547
0.487812015613777,0.460776115023879,0.469874102563369,0.479940795929947,0.481865953361547
0.503171296478951,0.468669558904267,0.466420640073474,0.483770313868835,0.501170012487908
0.4799341036273,0.473374868537094,0.466486261930492,0.460698082683407,0.49076879641958
0.4799341036273,0.473374868537094,0.466486261930492,0.460698082683407,0.49076879641958
0.4799341036273,0.473374868537094,0.466486261930492,0.460698082683407,0.49076879641958
0.49081880906018,0.479454388896979,0.433669637454373,0.450337222458292,0.478358356156449
0.494602564990694,0.473218386458251,0.459333275258638,0.454878656660694,0.482194690388924
0.500267623049061,0.446152301665153,0.454417780707759,0.454128462509189,0.504459595527434
0.484870967300073,0.445233003767553,0.439975309072105,0.455150799683786,0.498229940518089
0.484870967300073,0.445233003767553,0.439975309072105,0.455150799683786,0.498229940518089
0.482496693687034,0.451842152229783,0.453389620089277,0.452898280437523,0.499846004151731
0.495997314655107,0.464766078692017,0.443161322318922,0.465084988789615,0.48306006362093
0.496999810383273,0.461459873995943,0.449859231535822,0.464263900293073,0.503431995037711
0.496999810383273,0.461459873995943,0.449859231535822,0.464263900293073,0.503431995037711
0.517321506098354,0.427230625405407,0.430800142207788,0.463441975346033,0.496732206132946
0.517321506098354,0.427230625405407,0.430800142207788,0.463441975346033,0.496732206132946
0.503280082718334,0.433366565531615,0.429345677013464,0.443647633441526,0.488491176960885
0.503280082718334,0.433366565531615,0.429345677013464,0.443647633441526,0.488491176960885
0.503280082718334,0.433366565531615,0.429345677013464,0.443647633441526,0.488491176960885
0.483762178767302,0.420771950983795,0.410692983275446,0.410662102432036,0.481312253956348
0.483762178767302,0.420771950983795,0.410692983275446,0.410662102432036,0.481312253956348
0.492339926931999,0.425993243716855,0.415257354648556,0.425769103561746,0.486583104661608
0.508219910078188,0.45763856928832,0.433059676694986,0.444600217061084,0.496457694763415
0.508219910078188,0.45763856928832,0.433059676694986,0.444600217061084,0.496457694763415
0.506247575254561,0.448961832241596,0.430193326493903,0.43531134290826,0.51627104678075
0.458752290009469,0.43671774138991,0.399214048971256,0.433829827799121,0.47343161941892
0.458752290009469,0.43671774138991,0.399214048971256,0.433829827799121,0.47343161941892
0.454502050569242,0.44344319430582,0.403906122518706,0.45007100696225,0.463171154879026
0.477984103767018,0.455163931753765,0.391502452964,0.445842831099359,0.490362897430658
0.477984103767018,0.455163931753765,0.391502452964,0.445842831099359,0.490362897430658
0.490280249280039,0.444868882073203,0.406002803832499,0.456860919045878,0.477638172620471
0.507270318186189,0.433657649115478,0.410963711337917,0.482018855817991,0.528503949484906
0.481127457269858,0.413919197462503,0.406023280167809,0.455101772742522,0.486852689376486
0.495674506315178,0.44655561975842,0.423176226812774,0.475875122911444,0.497617850348152
0.475182725045766,0.415416428137031,0.428594033548205,0.470216766927285,0.476015348936262
0.487711665785795,0.417148178004816,0.458396449070218,0.467321290614649,0.487072224134043
0.487711665785795,0.417148178004816,0.458396449070218,0.467321290614649,0.487072224134043
0.493415151249192,0.432025116864475,0.456693535408782,0.482939976699074,0.489263229412373
0.474448239186648,0.437850288312591,0.455226566034184,0.472608126075257,0.48244160378253
0.474448239186648,0.437850288312591,0.455226566034184,0.472608126075257,0.48244160378253
0.483349768523078,0.43697604102278,0.449240044530841,0.452315985817609,0.505831203653651
0.483349768523078,0.43697604102278,0.449240044530841,0.452315985817609,0.505831203653651
0.483349768523078,0.43697604102278,0.449240044530841,0.452315985817609,0.505831203653651
0.472470539347833,0.449387633779353,0.421444098336714,0.4520608460823,0.512296952993123
0.472470539347833,0.449387633779353,0.421444098336714,0.4520608460823,0.512296952993123
0.472470539347833,0.449387633779353,0.421444098336714,0.4520608460823,0.512296952993123
0.474735768956209,0.414825737082017,0.418858597884643,0.450740867981424,0.513343362172897
0.474735768956209,0.414825737082017,0.418858597884643,0.450740867981424,0.513343362172897
0.474735768956209,0.414825737082017,0.418858597884643,0.450740867981424,0.513343362172897
0.47504922724662,0.411627131572689,0.430651189014936,0.419187185686773,0.50695202236074
0.47504922724662,0.411627131572689,0.430651189014936,0.419187185686773,0.50695202236074
0.435928471421061,0.431234664885237,0.439302543680557,0.420307953921384,0.491495587800725
0.435928471421061,0.431234664885237,0.439302543680557,0.420307953921384,0.491495587800725
0.441892893901301,0.404392200313651,0.427108699703534,0.420075497274046,0.504035882416725
0.446982440547551,0.433717263602136,0.432514924471617,0.430455608407253,0.497509989100792
0.446982440547551,0.433717263602136,0.432514924471617,0.430455608407253,0.497509989100792
0.476709080990341,0.460265717799172,0.443146381601058,0.428920301366783,0.500274134100586
0.483999962017754,0.484983142141555,0.449894537766353,0.439180743125241,0.493766437679316
0.483999962017754,0.484983142141555,0.449894537766353,0.439180743125241,0.493766437679316
0.490055642831019,0.469414205669921,0.44879626099229,0.466207389778734,0.509126007828573
0.459563446620445,0.473938366625094,0.442452896018007,0.446725882862039,0.497260744511001
0.44025399854407,0.47312544390183,0.446815764187175,0.432281112127805,0.463309842506799
0.44025399854407,0.47312544390183,0.446815764187175,0.432281112127805,0.463309842506799
0.432042029672842,0.473988394872685,0.454203309081829,0.437915941005036,0.466104713701161
0.431891600876707,0.476032985911971,0.450198536013317,0.435540971272195,0.475256600340533
0.431891600876707,0.476032985911971,0.450198536013317,0.435540971272195,0.475256600340533
0.431891600876707,0.476032985911971,0.450198536013317,0.435540971272195,0.475256600340533
0.482966225764438,0.482044196314261,0.477982675825,0.480801235974236,0.507099985788712
0.482966225764438,0.482044196314261,0.477982675825,0.480801235974236,0.507099985788712
0.464997136496259,0.459735902993671,0.459838432205813,0.464447188787923,0.496577967533639
0.464997136496259,0.459735902993671,0.459838432205813,0.464447188787923,0.496577967533639
0.483315146159358,0.472405194815657,0.463022712579261,0.463492072280074,0.518084887524094
0.483315146159358,0.472405194815657,0.463022712579261,0.463492072280074,0.518084887524094
0.505201357086912,0.480146425965268,0.467290558990179,0.469741904034228,0.510987364349469
0.554005936247987,0.502020079555468,0.479014246850354,0.494534801045827,0.55663656552961
0.554005936247987,0.502020079555468,0.479014246850354,0.494534801045827,0.55663656552961
0.535361572616998,0.518611978024121,0.468899672369827,0.480087153391026,0.547991460042019
0.535361572616998,0.518611978024121,0.468899672369827,0.480087153391026,0.547991460042019
0.540593705380729,0.542503820268487,0.492386558564584,0.51378228033203,0.549300536345884
0.520796327223714,0.534693881123016,0.47597404100421,0.502372701096015,0.544157857851723
0.520796327223714,0.534693881123016,0.47597404100421,0.502372701096015,0.544157857851723
0.513781573101098,0.525186317122862,0.487299336405094,0.509515838839158,0.521967556189555
0.497726739321889,0.521063050709912,0.475848275495265,0.498145112124673,0.516019285614784
0.497726739321889,0.521063050709912,0.475848275495265,0.498145112124673,0.516019285614784
0.486997491198679,0.513521261169167,0.451999121499668,0.480369153785819,0.505218074768974
0.468117585608189,0.511363804459957,0.448998049306581,0.474747250973812,0.504376361943604
0.468117585608189,0.511363804459957,0.448998049306581,0.474747250973812,0.504376361943604
0.481103376695664,0.498442680068833,0.454383366709591,0.480462247723522,0.500095901460122
0.4846394897855,0.496111425697718,0.457671027634257,0.49064273066576,0.520291344340001
0.512397834461264,0.498056233324477,0.455705536418488,0.500206432885701,0.522691514931288
0.49813801358756,0.479054534390709,0.435422993147604,0.477408944486658,0.526924054166369
0.489433903228423,0.472131243433697,0.438866719213823,0.466669005098461,0.515945681407794
0.489433903228423,0.472131243433697,0.438866719213823,0.466669005098461,0.515945681407794
0.48309752434989,0.472093097237261,0.444208970464496,0.465699597822146,0.516055099916501
0.47885145119831,0.483265560988968,0.452675645506608,0.456786060381365,0.530819639036129
0.464497181511804,0.480688850716933,0.451509473908628,0.469786311447077,0.504291859054048
0.466847881335087,0.482339808313277,0.451438791626351,0.47785177425477,0.499599346105121
0.474909283630471,0.491115238017929,0.446801662160403,0.501645901066402,0.498781200490699
0.48524677053884,0.508558892099557,0.453817980802757,0.489527543466702,0.492810126972402
0.48524677053884,0.508558892099557,0.453817980802757,0.489527543466702,0.492810126972402
0.499186121360803,0.517450231341345,0.439204950242219,0.48251480508733,0.506210008318252
0.49929357071735,0.50498258526966,0.439531217697597,0.48070197393684,0.505769623891922
0.50683408524202,0.504358176985313,0.427445426118032,0.467454183068415,0.516720875879834
0.50683408524202,0.504358176985313,0.427445426118032,0.467454183068415,0.516720875879834
0.50683408524202,0.504358176985313,0.427445426118032,0.467454183068415,0.516720875879834
0.469926543487492,0.502295741687294,0.441193180888528,0.474745318093976,0.498636979961896
0.469926543487492,0.502295741687294,0.441193180888528,0.474745318093976,0.498636979961896
0.466663788231487,0.506724977073982,0.446914498191858,0.476246446664353,0.509357081976706
0.466663788231487,0.506724977073982,0.446914498191858,0.476246446664353,0.509357081976706
0.47416009674695,0.497702472507691,0.432655517224062,0.480037481040236,0.505581150454915
0.476438276927196,0.4856881275562,0.439656187584701,0.482280109360856,0.508163975438073
0.476438276927196,0.4856881275562,0.439656187584701,0.482280109360856,0.508163975438073
0.485187512573199,0.477571068915282,0.45348747410169,0.489657226538145,0.523907291757653
0.48554945628233,0.486838712221046,0.447302126358591,0.478509660467029,0.515978636516832
0.469288460168286,0.456689597515415,0.439535041713306,0.463475505408135,0.507289105726134
0.469288460168286,0.456689597515415,0.439535041713306,0.463475505408135,0.507289105726134
0.474104164358455,0.477213742288884,0.434330358599008,0.458764723105829,0.497919671200399
0.474423417530432,0.488944962435428,0.440851663624197,0.456466127581874,0.498212139712789
0.474423417530432,0.488944962435428,0.440851663624197,0.456466127581874,0.498212139712789
0.467599240719742,0.516132263143149,0.450149395549051,0.468829794167539,0.481580823639759
0.467599240719742,0.516132263143149,0.450149395549051,0.468829794167539,0.481580823639759
0.476956160997494,0.497704485598441,0.441630836218757,0.482926920584267,0.485106884678933
0.476956160997494,0.497704485598441,0.441630836218757,0.482926920584267,0.485106884678933
0.467976482203965,0.488982263898113,0.421423710683656,0.474379650058262,0.455659137507909
0.467976482203965,0.488982263898113,0.421423710683656,0.474379650058262,0.455659137507909
0.490538821778511,0.500281916360615,0.4769664035014,0.491799124862131,0.492416278850172
0.512543312301665,0.505856794768342,0.482896300775748,0.53710530228115,0.515878907819001
0.482624461910751,0.495118133167335,0.483503040009255,0.5150907121183,0.508674078564568
0.482624461910751,0.495118133167335,0.483503040009255,0.5150907121183,0.508674078564568
0.477587018712628,0.487875385035608,0.468100756819979,0.504319709806823,0.513369611598149
0.461083657516722,0.510885151545652,0.463912983117271,0.474648243872551,0.484708505878443
0.461083657516722,0.510885151545652,0.463912983117271,0.474648243872551,0.484708505878443
0.460648107739045,0.490683815504523,0.458613618085972,0.486063664884021,0.489549401578444
0.475679735506856,0.467167044906408,0.46896917475905,0.477799542327143,0.485579672361845
0.499153200711861,0.467187306511197,0.483552916799279,0.477849747892397,0.519090636962818
0.499153200711861,0.467187306511197,0.483552916799279,0.477849747892397,0.519090636962818
0.476367929538137,0.483719747284938,0.448980492713402,0.482247627058528,0.484969396946228
0.476367929538137,0.483719747284938,0.448980492713402,0.482247627058528,0.484969396946228
0.476352054455603,0.476135839754537,0.458997147140794,0.494130024179401,0.486113382986243
0.466955348229711,0.456994104687648,0.463393419859824,0.487689243635041,0.483470470605786
0.466955348229711,0.456994104687648,0.463393419859824,0.487689243635041,0.483470470605786
0.473726418714993,0.47731679403318,0.484274773612471,0.510487848328201,0.496669209767109
0.474851920350585,0.472027104246169,0.469519279925318,0.505067153708226,0.493634745568421
0.474851920350585,0.472027104246169,0.469519279925318,0.505067153708226,0.493634745568421
0.489641123644773,0.427361338589568,0.467290061596744,0.499006644156334,0.471556977383649
0.471284067312556,0.443569215183152,0.453218704331834,0.492051390598679,0.475689315849325
0.471284067312556,0.443569215183152,0.453218704331834,0.492051390598679,0.475689315849325
0.486219407413544,0.467352469487723,0.452274413458891,0.4830236166891,0.484076910574442
0.473606250546655,0.467000836126801,0.447990923942959,0.469946718632806,0.492903152828827
0.473606250546655,0.467000836126801,0.447990923942959,0.469946718632806,0.492903152828827
0.497453286790275,0.471061900209271,0.447329149282783,0.474609681101897,0.491369019134012
0.493364782718143,0.447731644931022,0.445401921480959,0.452063045804035,0.493141822715144
0.502702189389511,0.447849301688107,0.451625920245844,0.470667781661467,0.499509255335862
0.481148707530493,0.443424297801327,0.442559126204603,0.454471831536351,0.494989804044669
0.485550637100307,0.453559316819084,0.437147632075367,0.461185889179261,0.476005121910482
0.485550637100307,0.453559316819084,0.437147632075367,0.461185889179261,0.476005121910482
0.470147150244051,0.429516016743711,0.447658215111237,0.457515517274746,0.481447117698222
0.489023253746805,0.478627399865397,0.443139465821391,0.473553834228953,0.493587444925475
0.497938617373,0.457832985602283,0.449924530375778,0.484070640391975,0.477331493133605
0.513309393971635,0.482564809101237,0.452513263333413,0.499167663578936,0.492409087030199
0.506312166970017,0.474851276637349,0.454723234399462,0.504150289208334,0.486147491084601
0.48404487639854,0.447696339949798,0.418010289046886,0.497083150918136,0.472217178755755
0.516590856554284,0.471767949983942,0.416570713377597,0.492212046485883,0.48086859045491
0.515949133857308,0.463657304586748,0.427382319031595,0.486814894329739,0.490969675400796
0.516598561266954,0.497360103457988,0.432504367394217,0.527473971303588,0.504926435681051
0.507811036296647,0.473427304275524,0.425577510213219,0.51964511133797,0.499945061405048
0.490531003973642,0.472353620189095,0.406623381303632,0.510467479827259,0.480905606733863
0.516617179822065,0.467686801235725,0.412555919798115,0.512864974544779,0.502389583497313
0.499948171012401,0.452808115382699,0.425645927002147,0.509598753339857,0.511439588310074
0.491054477202923,0.445268071645687,0.444968556237859,0.49505924452884,0.506030155403318
0.476445471571255,0.434034538158075,0.424531306981329,0.475801554910657,0.488701413206733
0.498593855985892,0.460151411320412,0.450603008769961,0.490805408988381,0.503139950567939
0.483346237961154,0.442463316811994,0.44847484166435,0.477344700266339,0.485199896956322
0.483346237961154,0.442463316811994,0.44847484166435,0.477344700266339,0.485199896956322
0.500681585605102,0.485181713318026,0.458415254097737,0.494179315384477,0.499578796950414
0.500681585605102,0.485181713318026,0.458415254097737,0.494179315384477,0.499578796950414
0.506653245776156,0.483985158051137,0.456592638688612,0.486274453859461,0.493485259408989
0.518277503896759,0.482424924475152,0.45498012314018,0.498181022965903,0.501809734831176
0.518277503896759,0.482424924475152,0.45498012314018,0.498181022965903,0.501809734831176
0.518033636483325,0.488902266797368,0.458952171132259,0.509006154513014,0.497686120876763
0.52463393280184,0.492775517136028,0.477131091108003,0.511776003435774,0.504372021733643
0.493460708868719,0.471596472287842,0.461934770967125,0.477014444678741,0.469614119271189
0.493460708868719,0.471596472287842,0.461934770967125,0.477014444678741,0.469614119271189
0.504658763337722,0.478484353580923,0.488749987669349,0.490745864757153,0.501363407018317
0.504498265290904,0.481971278617434,0.491661108312932,0.506827521152567,0.506512126892019
0.502055220984789,0.462739090603643,0.494690063359609,0.496263439823081,0.481722533706187
0.509856335216464,0.47828688256113,0.478705552880531,0.502184031318512,0.486225872610291
0.527924698662362,0.490978506258615,0.473938791839475,0.501345773868217,0.512951962782054
0.517199306271936,0.470960001383704,0.459476873244793,0.461954374245493,0.500569516787821
0.517199306271936,0.470960001383704,0.459476873244793,0.461954374245493,0.500569516787821
0.485261271048729,0.444081182746823,0.452355875123818,0.459597387353443,0.466594974735323
0.512501108408691,0.459808840139228,0.494473327488632,0.482785211659309,0.486175525312893
0.512501108408691,0.459808840139228,0.494473327488632,0.482785211659309,0.486175525312893
0.482504025886195,0.439418643778506,0.466097034492359,0.474734335072357,0.475604626431094
0.488233725803887,0.439002126646292,0.482275885206424,0.482171783896296,0.481070603056733
0.509049446281798,0.462108946885105,0.504814271406698,0.4830555913294,0.502215773956216
0.491976111464706,0.452497455297529,0.502465701358102,0.502735752419296,0.488063838815584
0.515196189810083,0.475300873197726,0.487746724702912,0.510881987403205,0.501332964522042
0.515196189810083,0.475300873197726,0.487746724702912,0.510881987403205,0.501332964522042
0.508164593805887,0.464616690068774,0.471272871526467,0.494615426425033,0.494015331596497
0.508164593805887,0.464616690068774,0.471272871526467,0.494615426425033,0.494015331596497
0.517561206295892,0.465382889321208,0.477497000511243,0.493253225525132,0.496029014647061
0.517561206295892,0.465382889321208,0.477497000511243,0.493253225525132,0.496029014647061
0.501321568832583,0.437992251666716,0.470730763307113,0.477875069669424,0.476009784722475
0.489754770314409,0.445121315740922,0.470222505681951,0.475738540312167,0.484291135175389
0.509779107171896,0.427299029959809,0.471150671466582,0.485199960154291,0.485798271965578
0.4897058770768,0.43736565501823,0.479683089804693,0.481838971481676,0.491870458754037
0.4897058770768,0.43736565501823,0.479683089804693,0.481838971481676,0.491870458754037
0.493869432995554,0.442857948723751,0.486678882929838,0.478258035923196,0.473505865251579
0.493869432995554,0.442857948723751,0.486678882929838,0.478258035923196,0.473505865251579
0.478050605189184,0.437921543114064,0.505366190965204,0.483079329017331,0.466947213999296
0.478050605189184,0.437921543114064,0.505366190965204,0.483079329017331,0.466947213999296
0.466096393895326,0.428246435033312,0.488049469230245,0.481271833840066,0.473788303317992
0.466096393895326,0.428246435033312,0.488049469230245,0.481271833840066,0.473788303317992
0.456136561236892,0.417837179079697,0.474536743303167,0.465375083678127,0.465233045067967
0.456136561236892,0.417837179079697,0.474536743303167,0.465375083678127,0.465233045067967
0.453036744527761,0.408975165954403,0.475006330967293,0.46963678594247,0.447331553757487
0.479967175165157,0.440370044986441,0.477605084511894,0.489331724703268,0.482053973348636
